_id,region_code,region_name,city_code,city_name,street_code,street_name,street_name_status,official_code
98619,61,אשקלון              ,70,אשדוד               ,6560,נמל אשדוד                ,official       ,6560
98539,61,אשקלון              ,70,אשדוד               ,10342,אשדוד 2517               ,synonym of 6514,6514
98540,61,אשקלון              ,70,אשדוד               ,10343,אשדוד 2057               ,synonym of 6514,6514
98541,61,אשקלון              ,70,אשדוד               ,10344,אשדוד 2509               ,synonym of 6514,6514
98542,61,אשקלון              ,70,אשדוד               ,10345,אשדוד  2512              ,synonym of 6514,6514
98488,61,אשקלון              ,70,אשדוד               ,10301,אשדוד צר חדש             ,synonym of 6502,6502
97134,61,אשקלון              ,70,אשדוד               ,9557,אשדוד א בית קנדה         ,synonym of 143 ,143
98626,61,אשקלון              ,70,אשדוד               ,9000,אשדוד                    ,official       ,9000
98487,61,אשקלון              ,70,אשדוד               ,10300,אשדוד 1044               ,synonym of 6502,6502
98530,61,אשקלון              ,70,אשדוד               ,10333,אשדוד 2510               ,synonym of 6514,6514
98531,61,אשקלון              ,70,אשדוד               ,10334,אשדוד 2501               ,synonym of 6514,6514
98532,61,אשקלון              ,70,אשדוד               ,10335,אשדוד 2051               ,synonym of 6514,6514
98533,61,אשקלון              ,70,אשדוד               ,10336,אשדוד 2502               ,synonym of 6514,6514
98534,61,אשקלון              ,70,אשדוד               ,10337,אשדוד 2512               ,synonym of 6514,6514
98535,61,אשקלון              ,70,אשדוד               ,10338,אשדוד 2503               ,synonym of 6514,6514
98536,61,אשקלון              ,70,אשדוד               ,10339,אשדוד 2504               ,synonym of 6514,6514
98841,61,אשקלון              ,406,חצור-אשדוד          ,9000,חצור-אשדוד               ,official       ,9000
98842,61,אשקלון              ,406,חצור-אשדוד          ,9521,חצר אשדוד                ,synonym of 9000,9000
98537,61,אשקלון              ,70,אשדוד               ,10340,אשדוד 2505               ,synonym of 6514,6514
98844,61,אשקלון              ,406,חצור-אשדוד          ,9523,חצור אשדוד               ,synonym of 9000,9000
98538,61,אשקלון              ,70,אשדוד               ,10341,אשדוד 2507               ,synonym of 6514,6514
97086,61,אשקלון              ,70,אשדוד               ,9530,יסמין                    ,synonym of 121 ,121
97087,61,אשקלון              ,70,אשדוד               ,9531,משעול ג                  ,synonym of 121 ,121
97088,61,אשקלון              ,70,אשדוד               ,122,המסחר                    ,official       ,122
97089,61,אשקלון              ,70,אשדוד               ,9532,מרכז מסחרי א             ,synonym of 122 ,122
97090,61,אשקלון              ,70,אשדוד               ,124,החבצלות                  ,official       ,124
97091,61,אשקלון              ,70,אשדוד               ,9533,חבצלת                    ,synonym of 124 ,124
97092,61,אשקלון              ,70,אשדוד               ,9534,משעול ו                  ,synonym of 124 ,124
97093,61,אשקלון              ,70,אשדוד               ,9535,החבצלת                   ,synonym of 124 ,124
97094,61,אשקלון              ,70,אשדוד               ,125,מרזוק ושמואל             ,official       ,125
97095,61,אשקלון              ,70,אשדוד               ,9536,מרזוק שמואל              ,synonym of 125 ,125
97096,61,אשקלון              ,70,אשדוד               ,9537,מרזוק                    ,synonym of 125 ,125
97097,61,אשקלון              ,70,אשדוד               ,9538,מרזוק דר                 ,synonym of 125 ,125
97098,61,אשקלון              ,70,אשדוד               ,126,שבי ציון                 ,official       ,126
97099,61,אשקלון              ,70,אשדוד               ,9539,שבי-ציון                 ,synonym of 126 ,126
97100,61,אשקלון              ,70,אשדוד               ,127,האשכול                   ,official       ,127
97101,61,אשקלון              ,70,אשדוד               ,9540,אשכול                    ,synonym of 127 ,127
97102,61,אשקלון              ,70,אשדוד               ,128,רוגוזין                  ,official       ,128
97103,61,אשקלון              ,70,אשדוד               ,9541,ש רוגוזין                ,synonym of 128 ,128
97104,61,אשקלון              ,70,אשדוד               ,9542,רוגזין                   ,synonym of 128 ,128
97105,61,אשקלון              ,70,אשדוד               ,129,הזית                     ,official       ,129
97106,61,אשקלון              ,70,אשדוד               ,130,הדס                      ,official       ,130
97107,61,אשקלון              ,70,אשדוד               ,9543,ההדס                     ,synonym of 130 ,130
97108,61,אשקלון              ,70,אשדוד               ,131,האשל                     ,official       ,131
97109,61,אשקלון              ,70,אשדוד               ,9544,אשל                      ,synonym of 131 ,131
97110,61,אשקלון              ,70,אשדוד               ,132,התאנה                    ,official       ,132
97111,61,אשקלון              ,70,אשדוד               ,133,הגפן                     ,official       ,133
97112,61,אשקלון              ,70,אשדוד               ,134,השקמה                    ,official       ,134
97113,61,אשקלון              ,70,אשדוד               ,135,האורן                    ,official       ,135
97114,61,אשקלון              ,70,אשדוד               ,136,השיטה                    ,official       ,136
97115,61,אשקלון              ,70,אשדוד               ,137,הארז                     ,official       ,137
97116,61,אשקלון              ,70,אשדוד               ,9545,ארז                      ,synonym of 137 ,137
97117,61,אשקלון              ,70,אשדוד               ,138,הדקל                     ,official       ,138
97118,61,אשקלון              ,70,אשדוד               ,9546,דקל                      ,synonym of 138 ,138
97119,61,אשקלון              ,70,אשדוד               ,139,סיני                     ,official       ,139
97120,61,אשקלון              ,70,אשדוד               ,140,ההגנה                    ,official       ,140
97121,61,אשקלון              ,70,אשדוד               ,9547,הגנה                     ,synonym of 140 ,140
97122,61,אשקלון              ,70,אשדוד               ,141,העשרים ואחד              ,official       ,141
97123,61,אשקלון              ,70,אשדוד               ,9548,הכג                      ,synonym of 141 ,141
97124,61,אשקלון              ,70,אשדוד               ,9549,רח ה21                   ,synonym of 141 ,141
97125,61,אשקלון              ,70,אשדוד               ,9550,רח ה 21                  ,synonym of 141 ,141
97126,61,אשקלון              ,70,אשדוד               ,9551,ה-21                     ,synonym of 141 ,141
97127,61,אשקלון              ,70,אשדוד               ,9552,רח 21                    ,synonym of 141 ,141
97128,61,אשקלון              ,70,אשדוד               ,9553,ה 21                     ,synonym of 141 ,141
97129,61,אשקלון              ,70,אשדוד               ,142,קדש                      ,official       ,142
97130,61,אשקלון              ,70,אשדוד               ,143,בית קנדה                 ,official       ,143
97131,61,אשקלון              ,70,אשדוד               ,9554,מרכז קליטה קנדה          ,synonym of 143 ,143
97132,61,אשקלון              ,70,אשדוד               ,9555,מ.ק.                     ,synonym of 143 ,143
97133,61,אשקלון              ,70,אשדוד               ,9556,מ.ק. בית קנדה            ,synonym of 143 ,143
97135,61,אשקלון              ,70,אשדוד               ,144,ההסתדרות                 ,official       ,144
97136,61,אשקלון              ,70,אשדוד               ,9558,ביס רמבם                 ,synonym of 144 ,144
97137,61,אשקלון              ,70,אשדוד               ,9559,הסתדרות                  ,synonym of 144 ,144
97138,61,אשקלון              ,70,אשדוד               ,9560,היסתדרות                 ,synonym of 144 ,144
97139,61,אשקלון              ,70,אשדוד               ,145,המעפילים                 ,official       ,145
97140,61,אשקלון              ,70,אשדוד               ,9561,מעפילים                  ,synonym of 145 ,145
97141,61,אשקלון              ,70,אשדוד               ,146,יוספטל                   ,official       ,146
97142,61,אשקלון              ,70,אשדוד               ,9562,בית קפה סן רמו           ,synonym of 146 ,146
97143,61,אשקלון              ,70,אשדוד               ,147,קבוץ גלויות              ,official       ,147
97144,61,אשקלון              ,70,אשדוד               ,9563,בניני גילת               ,synonym of 147 ,147
97145,61,אשקלון              ,70,אשדוד               ,9564,קיבוץ גלויות             ,synonym of 147 ,147
97146,61,אשקלון              ,70,אשדוד               ,9565,ק גלויות                 ,synonym of 147 ,147
97147,61,אשקלון              ,70,אשדוד               ,148,אגדיר                    ,official       ,148
97148,61,אשקלון              ,70,אשדוד               ,9566,וילות גולדשטיין          ,synonym of 148 ,148
97149,61,אשקלון              ,70,אשדוד               ,149,סטרומה                   ,official       ,149
97150,61,אשקלון              ,70,אשדוד               ,9567,ש סטרומה                 ,synonym of 149 ,149
97151,61,אשקלון              ,70,אשדוד               ,150,דוכיפת                   ,official       ,150
97152,61,אשקלון              ,70,אשדוד               ,151,זמיר                     ,official       ,151
97153,61,אשקלון              ,70,אשדוד               ,9568,הזמיר                    ,synonym of 151 ,151
97154,61,אשקלון              ,70,אשדוד               ,152,נחליאלי                  ,official       ,152
97155,61,אשקלון              ,70,אשדוד               ,9569,נחליאל                   ,synonym of 152 ,152
97156,61,אשקלון              ,70,אשדוד               ,153,דרור                     ,official       ,153
97157,61,אשקלון              ,70,אשדוד               ,9570,הדרור                    ,synonym of 153 ,153
97158,61,אשקלון              ,70,אשדוד               ,154,שלדג                     ,official       ,154
97159,61,אשקלון              ,70,אשדוד               ,9571,השלדג                    ,synonym of 154 ,154
97160,61,אשקלון              ,70,אשדוד               ,155,חוחית                    ,official       ,155
97161,61,אשקלון              ,70,אשדוד               ,9572,החוחית                   ,synonym of 155 ,155
97162,61,אשקלון              ,70,אשדוד               ,156,יורדי הסירה              ,official       ,156
97163,61,אשקלון              ,70,אשדוד               ,157,רמב"ם                    ,official       ,157
97164,61,אשקלון              ,70,אשדוד               ,9573,רמבם                     ,synonym of 157 ,157
97165,61,אשקלון              ,70,אשדוד               ,9574,הרמב"ם                   ,synonym of 157 ,157
97166,61,אשקלון              ,70,אשדוד               ,158,סולד הנריטה              ,official       ,158
97167,61,אשקלון              ,70,אשדוד               ,9575,סולד הנריאטה             ,synonym of 158 ,158
97168,61,אשקלון              ,70,אשדוד               ,9576,הנריטה סולד              ,synonym of 158 ,158
97169,61,אשקלון              ,70,אשדוד               ,9577,סולד                     ,synonym of 158 ,158
97170,61,אשקלון              ,70,אשדוד               ,159,הרב הרצוג                ,official       ,159
97171,61,אשקלון              ,70,אשדוד               ,9578,הרצוג הרב                ,synonym of 159 ,159
97172,61,אשקלון              ,70,אשדוד               ,9579,הרצוג                    ,synonym of 159 ,159
97173,61,אשקלון              ,70,אשדוד               ,9580,בן יהודה                 ,synonym of 159 ,159
97174,61,אשקלון              ,70,אשדוד               ,160,הרב מימון                ,official       ,160
97175,61,אשקלון              ,70,אשדוד               ,9581,מימון הרב                ,synonym of 160 ,160
97176,61,אשקלון              ,70,אשדוד               ,161,אבן גבירול               ,official       ,161
97177,61,אשקלון              ,70,אשדוד               ,9582,איבן גבירול              ,synonym of 161 ,161
97178,61,אשקלון              ,70,אשדוד               ,162,ילין דוד                 ,official       ,162
97179,61,אשקלון              ,70,אשדוד               ,9583,דוד ילין                 ,synonym of 162 ,162
97180,61,אשקלון              ,70,אשדוד               ,9584,ילין                     ,synonym of 162 ,162
97181,61,אשקלון              ,70,אשדוד               ,163,הרב קוק                  ,official       ,163
97182,61,אשקלון              ,70,אשדוד               ,9585,רב קוק                   ,synonym of 163 ,163
97183,61,אשקלון              ,70,אשדוד               ,9586,קוק הרב                  ,synonym of 163 ,163
97184,61,אשקלון              ,70,אשדוד               ,164,שביל יא                  ,official       ,164
97185,61,אשקלון              ,70,אשדוד               ,165,שד בני ברית              ,official       ,165
97186,61,אשקלון              ,70,אשדוד               ,9587,בני ברית שד              ,synonym of 165 ,165
97187,61,אשקלון              ,70,אשדוד               ,9588,בני ברית                 ,synonym of 165 ,165
97188,61,אשקלון              ,70,אשדוד               ,166,עגנון שי                 ,official       ,166
97189,61,אשקלון              ,70,אשדוד               ,9589,שי עגנון                 ,synonym of 166 ,166
97190,61,אשקלון              ,70,אשדוד               ,9590,עגנון                    ,synonym of 166 ,166
97191,61,אשקלון              ,70,אשדוד               ,9591,ש"י עגנון                ,synonym of 166 ,166
97192,61,אשקלון              ,70,אשדוד               ,9592,עגנון ש"י                ,synonym of 166 ,166
97193,61,אשקלון              ,70,אשדוד               ,167,יצחק שדה                 ,official       ,167
97194,61,אשקלון              ,70,אשדוד               ,9593,גוש 732                  ,synonym of 167 ,167
97195,61,אשקלון              ,70,אשדוד               ,9594,שדה                      ,synonym of 167 ,167
97196,61,אשקלון              ,70,אשדוד               ,9595,שדה יצחק                 ,synonym of 167 ,167
97197,61,אשקלון              ,70,אשדוד               ,168,סמטה א                   ,official       ,168
97198,61,אשקלון              ,70,אשדוד               ,9596,סמ א                     ,synonym of 168 ,168
97199,61,אשקלון              ,70,אשדוד               ,169,סמטה ב                   ,official       ,169
97200,61,אשקלון              ,70,אשדוד               ,9597,סמ ב                     ,synonym of 169 ,169
97201,61,אשקלון              ,70,אשדוד               ,170,הצבי                     ,official       ,170
97202,61,אשקלון              ,70,אשדוד               ,9598,קוטז                     ,synonym of 170 ,170
97203,61,אשקלון              ,70,אשדוד               ,9599,סמ ג                     ,synonym of 170 ,170
97204,61,אשקלון              ,70,אשדוד               ,9600,סמטא ג                   ,synonym of 170 ,170
97205,61,אשקלון              ,70,אשדוד               ,9601,סמטה ג                   ,synonym of 170 ,170
97206,61,אשקלון              ,70,אשדוד               ,171,העופרים                  ,official       ,171
97207,61,אשקלון              ,70,אשדוד               ,9602,סמטה ד                   ,synonym of 171 ,171
97208,61,אשקלון              ,70,אשדוד               ,9603,סמטת  ד                  ,synonym of 171 ,171
97209,61,אשקלון              ,70,אשדוד               ,9604,סמ ד                     ,synonym of 171 ,171
97210,61,אשקלון              ,70,אשדוד               ,172,הלביאה                   ,official       ,172
97211,61,אשקלון              ,70,אשדוד               ,9605,סמטה ה                   ,synonym of 172 ,172
97212,61,אשקלון              ,70,אשדוד               ,9606,סמ ה                     ,synonym of 172 ,172
97213,61,אשקלון              ,70,אשדוד               ,173,בורוכוב                  ,official       ,173
97214,61,אשקלון              ,70,אשדוד               ,174,משעול האירוסים           ,official       ,174
97215,61,אשקלון              ,70,אשדוד               ,9607,השושן                    ,synonym of 174 ,174
97216,61,אשקלון              ,70,אשדוד               ,9608,האירוסים משעול           ,synonym of 174 ,174
97217,61,אשקלון              ,70,אשדוד               ,9609,האירוסים                 ,synonym of 174 ,174
97218,61,אשקלון              ,70,אשדוד               ,9610,האיריסים                 ,synonym of 174 ,174
97219,61,אשקלון              ,70,אשדוד               ,175,קדושי בלזן               ,official       ,175
97220,61,אשקלון              ,70,אשדוד               ,9611,ברגן בלזן                ,synonym of 175 ,175
97221,61,אשקלון              ,70,אשדוד               ,9612,קדושי ברגן בלזן          ,synonym of 175 ,175
97222,61,אשקלון              ,70,אשדוד               ,176,נורדאו                   ,official       ,176
97223,61,אשקלון              ,70,אשדוד               ,9613,מלון אורלי               ,synonym of 176 ,176
97224,61,אשקלון              ,70,אשדוד               ,9614,אורלי                    ,synonym of 176 ,176
97225,61,אשקלון              ,70,אשדוד               ,9615,שדרות נורדאו             ,synonym of 176 ,176
97226,61,אשקלון              ,70,אשדוד               ,9616,נורדאו שד                ,synonym of 176 ,176
97227,61,אשקלון              ,70,אשדוד               ,9617,נורדאו שדרות             ,synonym of 176 ,176
97228,61,אשקלון              ,70,אשדוד               ,9618,שד נורדאו                ,synonym of 176 ,176
97229,61,אשקלון              ,70,אשדוד               ,177,חוף מי עמי               ,official       ,177
97230,61,אשקלון              ,70,אשדוד               ,9619,מלון חוף מי עמי          ,synonym of 177 ,177
97231,61,אשקלון              ,70,אשדוד               ,9620,מי עמי                   ,synonym of 177 ,177
97232,61,אשקלון              ,70,אשדוד               ,9621,מלון חוף מי              ,synonym of 177 ,177
97233,61,אשקלון              ,70,אשדוד               ,9622,מלון מי עמי              ,synonym of 177 ,177
97234,61,אשקלון              ,70,אשדוד               ,179,בארי                     ,official       ,179
97235,61,אשקלון              ,70,אשדוד               ,9623,קופת חולים               ,synonym of 179 ,179
97236,61,אשקלון              ,70,אשדוד               ,180,יצחק הנשיא               ,official       ,180
97237,61,אשקלון              ,70,אשדוד               ,9624,ש רסקו ב                 ,synonym of 180 ,180
97238,61,אשקלון              ,70,אשדוד               ,9625,בן צבי שדרות             ,synonym of 180 ,180
97239,61,אשקלון              ,70,אשדוד               ,9626,שדרות בן צבי             ,synonym of 180 ,180
97240,61,אשקלון              ,70,אשדוד               ,9627,שד בן צבי                ,synonym of 180 ,180
97241,61,אשקלון              ,70,אשדוד               ,9628,בן צבי שד                ,synonym of 180 ,180
97242,61,אשקלון              ,70,אשדוד               ,9629,בן צבי                   ,synonym of 180 ,180
97243,61,אשקלון              ,70,אשדוד               ,9630,הנשיא יצחק               ,synonym of 180 ,180
97244,61,אשקלון              ,70,אשדוד               ,181,ז'בוטינסקי               ,official       ,181
97245,61,אשקלון              ,70,אשדוד               ,9631,זבוטינסקי                ,synonym of 181 ,181
97246,61,אשקלון              ,70,אשדוד               ,182,אלבז נתן                 ,official       ,182
97247,61,אשקלון              ,70,אשדוד               ,9632,נתן אלבז                 ,synonym of 182 ,182
97248,61,אשקלון              ,70,אשדוד               ,9633,אלבז                     ,synonym of 182 ,182
97249,61,אשקלון              ,70,אשדוד               ,183,הרב אברמסקי              ,official       ,183
97250,61,אשקלון              ,70,אשדוד               ,9634,אברמסקי                  ,synonym of 183 ,183
97251,61,אשקלון              ,70,אשדוד               ,9635,אברמסקי הרב              ,synonym of 183 ,183
97252,61,אשקלון              ,70,אשדוד               ,185,בובר מרטין               ,official       ,185
97253,61,אשקלון              ,70,אשדוד               ,9636,מרטין בובר               ,synonym of 185 ,185
97254,61,אשקלון              ,70,אשדוד               ,186,שד יפה נוף               ,official       ,186
97255,61,אשקלון              ,70,אשדוד               ,9637,יפה נוף                  ,synonym of 186 ,186
97256,61,אשקלון              ,70,אשדוד               ,187,משמר הירדן               ,official       ,187
97257,61,אשקלון              ,70,אשדוד               ,9638,עמק הירדן                ,synonym of 187 ,187
97258,61,אשקלון              ,70,אשדוד               ,9639,משמר ירדן                ,synonym of 187 ,187
97259,61,אשקלון              ,70,אשדוד               ,9640,הירדן                    ,synonym of 187 ,187
97260,61,אשקלון              ,70,אשדוד               ,9641,משמר העמק                ,synonym of 187 ,187
97261,61,אשקלון              ,70,אשדוד               ,188,סילבר אבא הלל            ,official       ,188
97262,61,אשקלון              ,70,אשדוד               ,9642,בית ספר ימי              ,synonym of 188 ,188
97263,61,אשקלון              ,70,אשדוד               ,9643,ביס ימי אורט             ,synonym of 188 ,188
97264,61,אשקלון              ,70,אשדוד               ,9644,אורט ביס ימי             ,synonym of 188 ,188
97265,61,אשקלון              ,70,אשדוד               ,9645,סילבר הלל                ,synonym of 188 ,188
97266,61,אשקלון              ,70,אשדוד               ,9646,סלבר אבא הלל             ,synonym of 188 ,188
97267,61,אשקלון              ,70,אשדוד               ,9647,סילבר                    ,synonym of 188 ,188
97268,61,אשקלון              ,70,אשדוד               ,9648,סילבר אבא                ,synonym of 188 ,188
97269,61,אשקלון              ,70,אשדוד               ,9649,אבא הלל                  ,synonym of 188 ,188
97270,61,אשקלון              ,70,אשדוד               ,9650,אבא הלל סלבר             ,synonym of 188 ,188
97271,61,אשקלון              ,70,אשדוד               ,9651,אבא הלל סילבר            ,synonym of 188 ,188
97272,61,אשקלון              ,70,אשדוד               ,189,שד הרצל                  ,official       ,189
97273,61,אשקלון              ,70,אשדוד               ,9652,מלון גלי אשד             ,synonym of 189 ,189
97274,61,אשקלון              ,70,אשדוד               ,9653,הרצל שד                  ,synonym of 189 ,189
97275,61,אשקלון              ,70,אשדוד               ,9654,שדרות הרצל               ,synonym of 189 ,189
97276,61,אשקלון              ,70,אשדוד               ,9655,הרצל                     ,synonym of 189 ,189
97277,61,אשקלון              ,70,אשדוד               ,9656,גלי אשד                  ,synonym of 189 ,189
97278,61,אשקלון              ,70,אשדוד               ,9657,הרצל שדרות               ,synonym of 189 ,189
97279,61,אשקלון              ,70,אשדוד               ,190,יאיר                     ,official       ,190
97280,61,אשקלון              ,70,אשדוד               ,191,רזיאל דוד                ,official       ,191
97281,61,אשקלון              ,70,אשדוד               ,9658,רזיאל                    ,synonym of 191 ,191
97282,61,אשקלון              ,70,אשדוד               ,192,מקלנבורג                 ,official       ,192
97283,61,אשקלון              ,70,אשדוד               ,193,יונה הנביא               ,official       ,193
97284,61,אשקלון              ,70,אשדוד               ,9659,הנביא יונה               ,synonym of 193 ,193
97285,61,אשקלון              ,70,אשדוד               ,194,הרב בלולו                ,official       ,194
97286,61,אשקלון              ,70,אשדוד               ,9660,ישיבת גרודנה             ,synonym of 194 ,194
97287,61,אשקלון              ,70,אשדוד               ,9661,בלולו הרב                ,synonym of 194 ,194
97288,61,אשקלון              ,70,אשדוד               ,195,ציזלינג                  ,official       ,195
97289,61,אשקלון              ,70,אשדוד               ,9662,דיזלינג                  ,synonym of 195 ,195
97290,61,אשקלון              ,70,אשדוד               ,9663,ציזלינג אהרון            ,synonym of 195 ,195
97291,61,אשקלון              ,70,אשדוד               ,9664,אהרון ציזלינג            ,synonym of 195 ,195
97292,61,אשקלון              ,70,אשדוד               ,9665,ציזילינג                 ,synonym of 195 ,195
97293,61,אשקלון              ,70,אשדוד               ,196,יהודה המכבי              ,official       ,196
97294,61,אשקלון              ,70,אשדוד               ,9666,יהודה מכבי               ,synonym of 196 ,196
97295,61,אשקלון              ,70,אשדוד               ,9667,המכבי                    ,synonym of 196 ,196
97296,61,אשקלון              ,70,אשדוד               ,197,חסן ובן גרה              ,official       ,197
97297,61,אשקלון              ,70,אשדוד               ,9668,חסן ובן גרא              ,synonym of 197 ,197
97298,61,אשקלון              ,70,אשדוד               ,9669,בן גרה                   ,synonym of 197 ,197
97299,61,אשקלון              ,70,אשדוד               ,9670,חסן ובן גדא              ,synonym of 197 ,197
97300,61,אשקלון              ,70,אשדוד               ,198,חורי חיים                ,official       ,198
97301,61,אשקלון              ,70,אשדוד               ,9671,הרב חורי                 ,synonym of 198 ,198
97302,61,אשקלון              ,70,אשדוד               ,9672,חיים חורי                ,synonym of 198 ,198
97303,61,אשקלון              ,70,אשדוד               ,9673,חורי                     ,synonym of 198 ,198
97304,61,אשקלון              ,70,אשדוד               ,9674,חורי הרב                 ,synonym of 198 ,198
97305,61,אשקלון              ,70,אשדוד               ,199,נגרו אהרן                ,official       ,199
97306,61,אשקלון              ,70,אשדוד               ,9675,אהרן נגרו                ,synonym of 199 ,199
97307,61,אשקלון              ,70,אשדוד               ,9676,נגרו אהרון               ,synonym of 199 ,199
97308,61,אשקלון              ,70,אשדוד               ,9677,אהרון נגרו               ,synonym of 199 ,199
97309,61,אשקלון              ,70,אשדוד               ,9678,נגרו                     ,synonym of 199 ,199
97310,61,אשקלון              ,70,אשדוד               ,200,אורט                     ,official       ,200
97311,61,אשקלון              ,70,אשדוד               ,201,בן יוסף שלמה             ,official       ,201
97312,61,אשקלון              ,70,אשדוד               ,9679,שלמה בן יוסף             ,synonym of 201 ,201
97313,61,אשקלון              ,70,אשדוד               ,9680,בן יוסף                  ,synonym of 201 ,201
97314,61,אשקלון              ,70,אשדוד               ,202,שפירא אברהם              ,official       ,202
97315,61,אשקלון              ,70,אשדוד               ,9681,אברהם שפירא              ,synonym of 202 ,202
98301,61,אשקלון              ,70,אשדוד               ,768,אביי                     ,official       ,768
97316,61,אשקלון              ,70,אשדוד               ,9682,שפירא                    ,synonym of 202 ,202
97317,61,אשקלון              ,70,אשדוד               ,204,ברנר                     ,official       ,204
97318,61,אשקלון              ,70,אשדוד               ,205,בלפור                    ,official       ,205
97319,61,אשקלון              ,70,אשדוד               ,206,שד סנה משה               ,official       ,206
97320,61,אשקלון              ,70,אשדוד               ,9683,כביש אס                  ,synonym of 206 ,206
97321,61,אשקלון              ,70,אשדוד               ,9684,שד סנה                   ,synonym of 206 ,206
97322,61,אשקלון              ,70,אשדוד               ,9685,שד משה סנה               ,synonym of 206 ,206
97323,61,אשקלון              ,70,אשדוד               ,9686,סנה משה                  ,synonym of 206 ,206
97324,61,אשקלון              ,70,אשדוד               ,9687,משה סנה                  ,synonym of 206 ,206
97325,61,אשקלון              ,70,אשדוד               ,207,הפלמ"ח                   ,official       ,207
97326,61,אשקלון              ,70,אשדוד               ,9688,הפלמח שד                 ,synonym of 207 ,207
97327,61,אשקלון              ,70,אשדוד               ,9689,שדרות הפלמח              ,synonym of 207 ,207
97328,61,אשקלון              ,70,אשדוד               ,9690,פלמ"ח                    ,synonym of 207 ,207
97329,61,אשקלון              ,70,אשדוד               ,9691,פלמח                     ,synonym of 207 ,207
97330,61,אשקלון              ,70,אשדוד               ,9692,שד הפלמח                 ,synonym of 207 ,207
97331,61,אשקלון              ,70,אשדוד               ,9693,הפלמח                    ,synonym of 207 ,207
97332,61,אשקלון              ,70,אשדוד               ,9694,הפלמח שדרות              ,synonym of 207 ,207
97333,61,אשקלון              ,70,אשדוד               ,208,טשרניחובסקי              ,official       ,208
97334,61,אשקלון              ,70,אשדוד               ,209,אבות ישורון              ,official       ,209
97335,61,אשקלון              ,70,אשדוד               ,211,האצ"ל                    ,official       ,211
97336,61,אשקלון              ,70,אשדוד               ,9695,האצל                     ,synonym of 211 ,211
97337,61,אשקלון              ,70,אשדוד               ,9696,אצ"ל                     ,synonym of 211 ,211
97338,61,אשקלון              ,70,אשדוד               ,9697,אצל                      ,synonym of 211 ,211
97339,61,אשקלון              ,70,אשדוד               ,212,מורדי הגטאות             ,official       ,212
97340,61,אשקלון              ,70,אשדוד               ,213,הנשיא ויצמן              ,official       ,213
97341,61,אשקלון              ,70,אשדוד               ,9698,ויצמן הנשיא              ,synonym of 213 ,213
97342,61,אשקלון              ,70,אשדוד               ,214,יד העפלה ממרוקו          ,official       ,214
97343,61,אשקלון              ,70,אשדוד               ,215,אזור התעשיה              ,official       ,215
97344,61,אשקלון              ,70,אשדוד               ,216,אחד העם                  ,official       ,216
97345,61,אשקלון              ,70,אשדוד               ,217,יהודה הלוי               ,official       ,217
97346,61,אשקלון              ,70,אשדוד               ,218,שמואל הנגיד              ,official       ,218
97347,61,אשקלון              ,70,אשדוד               ,219,הרב הגר                  ,official       ,219
97348,61,אשקלון              ,70,אשדוד               ,9699,הגר הרב                  ,synonym of 219 ,219
97349,61,אשקלון              ,70,אשדוד               ,9700,מנחם מנדל                ,synonym of 219 ,219
97350,61,אשקלון              ,70,אשדוד               ,9701,הגר מנחם מנדל            ,synonym of 219 ,219
97351,61,אשקלון              ,70,אשדוד               ,9702,הרב מנחם מנדל הגר        ,synonym of 219 ,219
97352,61,אשקלון              ,70,אשדוד               ,220,אדמו"ר מפיטסבורג         ,official       ,220
97353,61,אשקלון              ,70,אשדוד               ,9703,האדמור מפיטסבורג         ,synonym of 220 ,220
97354,61,אשקלון              ,70,אשדוד               ,221,חטיבת יפתח               ,official       ,221
97355,61,אשקלון              ,70,אשדוד               ,222,חטיבת גולני              ,official       ,222
97356,61,אשקלון              ,70,אשדוד               ,223,חטיבת כרמלי              ,official       ,223
97357,61,אשקלון              ,70,אשדוד               ,9704,חטיבת כרמל               ,synonym of 223 ,223
97358,61,אשקלון              ,70,אשדוד               ,224,שועלי שמשון              ,official       ,224
97359,61,אשקלון              ,70,אשדוד               ,225,חטיבת גבעתי              ,official       ,225
97360,61,אשקלון              ,70,אשדוד               ,226,שחם יואב                 ,official       ,226
97361,61,אשקלון              ,70,אשדוד               ,9705,יואב שחם                 ,synonym of 226 ,226
97362,61,אשקלון              ,70,אשדוד               ,227,אח"י אילת                ,official       ,227
97363,61,אשקלון              ,70,אשדוד               ,9706,אילת                     ,synonym of 227 ,227
97364,61,אשקלון              ,70,אשדוד               ,9707,אחי אילת                 ,synonym of 227 ,227
97365,61,אשקלון              ,70,אשדוד               ,228,גשר עד הלום              ,official       ,228
97366,61,אשקלון              ,70,אשדוד               ,9708,גדוד 7 של הפלמח          ,synonym of 228 ,228
97367,61,אשקלון              ,70,אשדוד               ,9709,עד הלום                  ,synonym of 228 ,228
97368,61,אשקלון              ,70,אשדוד               ,9710,גדוד 7                   ,synonym of 228 ,228
97369,61,אשקלון              ,70,אשדוד               ,229,שד עוזיהו                ,official       ,229
97370,61,אשקלון              ,70,אשדוד               ,9711,עוזיהו                   ,synonym of 229 ,229
97371,61,אשקלון              ,70,אשדוד               ,9712,עוזיה                    ,synonym of 229 ,229
97372,61,אשקלון              ,70,אשדוד               ,230,סנש חנה                  ,official       ,230
97373,61,אשקלון              ,70,אשדוד               ,9713,חנה סנש                  ,synonym of 230 ,230
97374,61,אשקלון              ,70,אשדוד               ,231,חטיבת הנגב               ,official       ,231
97375,61,אשקלון              ,70,אשדוד               ,9714,הנגב                     ,synonym of 231 ,231
97376,61,אשקלון              ,70,אשדוד               ,232,גור דב                   ,official       ,232
97377,61,אשקלון              ,70,אשדוד               ,9715,צבי גור                  ,synonym of 232 ,232
97378,61,אשקלון              ,70,אשדוד               ,9716,שפרינצק                  ,synonym of 232 ,232
97379,61,אשקלון              ,70,אשדוד               ,9717,דוב גור                  ,synonym of 232 ,232
97380,61,אשקלון              ,70,אשדוד               ,9718,גור                      ,synonym of 232 ,232
97381,61,אשקלון              ,70,אשדוד               ,9719,דב גור                   ,synonym of 232 ,232
97382,61,אשקלון              ,70,אשדוד               ,233,אפרתי אליהו              ,official       ,233
97383,61,אשקלון              ,70,אשדוד               ,9720,אליהו אפרתי              ,synonym of 233 ,233
97384,61,אשקלון              ,70,אשדוד               ,9721,אפרתי                    ,synonym of 233 ,233
97385,61,אשקלון              ,70,אשדוד               ,234,הראם                     ,official       ,234
97386,61,אשקלון              ,70,אשדוד               ,235,הוז דב                   ,official       ,235
97387,61,אשקלון              ,70,אשדוד               ,9722,דב הוז                   ,synonym of 235 ,235
97388,61,אשקלון              ,70,אשדוד               ,9723,הוז                      ,synonym of 235 ,235
97389,61,אשקלון              ,70,אשדוד               ,236,אייל                     ,official       ,236
97390,61,אשקלון              ,70,אשדוד               ,237,גרונר דב                 ,official       ,237
97391,61,אשקלון              ,70,אשדוד               ,9724,דב גרונר                 ,synonym of 237 ,237
97392,61,אשקלון              ,70,אשדוד               ,9725,גרונר                    ,synonym of 237 ,237
97393,61,אשקלון              ,70,אשדוד               ,238,מרכז קליטה               ,official       ,238
97394,61,אשקלון              ,70,אשדוד               ,9726,הוסטל האורנים            ,synonym of 238 ,238
97395,61,אשקלון              ,70,אשדוד               ,239,שבזי                     ,official       ,239
97396,61,אשקלון              ,70,אשדוד               ,9727,שלום שבזי                ,synonym of 239 ,239
97397,61,אשקלון              ,70,אשדוד               ,240,אבן עזרא                 ,official       ,240
97398,61,אשקלון              ,70,אשדוד               ,241,הלפרין ירמיהו            ,official       ,241
97399,61,אשקלון              ,70,אשדוד               ,9728,ירמיהו הלפרין            ,synonym of 241 ,241
97400,61,אשקלון              ,70,אשדוד               ,9729,הלפרין                   ,synonym of 241 ,241
97401,61,אשקלון              ,70,אשדוד               ,9730,הלפרין ירמיה             ,synonym of 241 ,241
97402,61,אשקלון              ,70,אשדוד               ,242,שגב                      ,official       ,242
97403,61,אשקלון              ,70,אשדוד               ,243,מיכשוילי                 ,official       ,243
97404,61,אשקלון              ,70,אשדוד               ,9731,מכשווילי                 ,synonym of 243 ,243
97405,61,אשקלון              ,70,אשדוד               ,9732,מיכשווילי                ,synonym of 243 ,243
97406,61,אשקלון              ,70,אשדוד               ,244,חפץ חיים                 ,official       ,244
97407,61,אשקלון              ,70,אשדוד               ,245,שערי יושר                ,official       ,245
97408,61,אשקלון              ,70,אשדוד               ,246,אחיעזר                   ,official       ,246
97409,61,אשקלון              ,70,אשדוד               ,9733,אחי עזר                  ,synonym of 246 ,246
97410,61,אשקלון              ,70,אשדוד               ,247,בן אליעזר אריה           ,official       ,247
97411,61,אשקלון              ,70,אשדוד               ,9734,בן אליעזר                ,synonym of 247 ,247
97412,61,אשקלון              ,70,אשדוד               ,9735,אליעזר                   ,synonym of 247 ,247
97413,61,אשקלון              ,70,אשדוד               ,9736,אריה בן אליעזר           ,synonym of 247 ,247
97414,61,אשקלון              ,70,אשדוד               ,248,ארן זלמן                 ,official       ,248
97415,61,אשקלון              ,70,אשדוד               ,9737,זלמן ארן                 ,synonym of 248 ,248
97416,61,אשקלון              ,70,אשדוד               ,9738,ארן                      ,synonym of 248 ,248
97417,61,אשקלון              ,70,אשדוד               ,249,דקר                      ,official       ,249
97418,61,אשקלון              ,70,אשדוד               ,250,תנין                     ,official       ,250
97419,61,אשקלון              ,70,אשדוד               ,251,עופר אברהם               ,official       ,251
97420,61,אשקלון              ,70,אשדוד               ,9739,אברהם עופר               ,synonym of 251 ,251
97421,61,אשקלון              ,70,אשדוד               ,9740,עופר                     ,synonym of 251 ,251
97422,61,אשקלון              ,70,אשדוד               ,252,הדולפין                  ,official       ,252
97423,61,אשקלון              ,70,אשדוד               ,9741,דולפין                   ,synonym of 252 ,252
97424,61,אשקלון              ,70,אשדוד               ,253,לויתן                    ,official       ,253
97425,61,אשקלון              ,70,אשדוד               ,254,האלמוגים                 ,official       ,254
97426,61,אשקלון              ,70,אשדוד               ,9742,אלמוגים                  ,synonym of 254 ,254
97427,61,אשקלון              ,70,אשדוד               ,255,הגלים                    ,official       ,255
97428,61,אשקלון              ,70,אשדוד               ,256,דיין משה                 ,official       ,256
97429,61,אשקלון              ,70,אשדוד               ,9743,דרך הים                  ,synonym of 256 ,256
97430,61,אשקלון              ,70,אשדוד               ,9744,משה דיין                 ,synonym of 256 ,256
97431,61,אשקלון              ,70,אשדוד               ,9745,דרך דיין משה             ,synonym of 256 ,256
97432,61,אשקלון              ,70,אשדוד               ,257,שפירא משה חיים           ,official       ,257
97433,61,אשקלון              ,70,אשדוד               ,9746,שפירא חיים משה           ,synonym of 257 ,257
97434,61,אשקלון              ,70,אשדוד               ,9747,חיים שפירא               ,synonym of 257 ,257
97435,61,אשקלון              ,70,אשדוד               ,9748,משה חיים שפירא           ,synonym of 257 ,257
97436,61,אשקלון              ,70,אשדוד               ,9749,שפירא חיים               ,synonym of 257 ,257
97437,61,אשקלון              ,70,אשדוד               ,9750,שפירא משה                ,synonym of 257 ,257
97438,61,אשקלון              ,70,אשדוד               ,9751,שפירא משה ח              ,synonym of 257 ,257
97439,61,אשקלון              ,70,אשדוד               ,9752,חיים משה שפירא           ,synonym of 257 ,257
97440,61,אשקלון              ,70,אשדוד               ,9753,חיים מ שפירא             ,synonym of 257 ,257
97441,61,אשקלון              ,70,אשדוד               ,9754,משה שפירא                ,synonym of 257 ,257
97442,61,אשקלון              ,70,אשדוד               ,258,קרן היסוד                ,official       ,258
97443,61,אשקלון              ,70,אשדוד               ,259,הרב שאולי                ,official       ,259
97444,61,אשקלון              ,70,אשדוד               ,9755,רב שאולי                 ,synonym of 259 ,259
97445,61,אשקלון              ,70,אשדוד               ,9756,שאולי הרב                ,synonym of 259 ,259
97446,61,אשקלון              ,70,אשדוד               ,9757,שאולי                    ,synonym of 259 ,259
97447,61,אשקלון              ,70,אשדוד               ,260,מילמן                    ,official       ,260
97448,61,אשקלון              ,70,אשדוד               ,261,מבוא הרב אלקלעי          ,official       ,261
97449,61,אשקלון              ,70,אשדוד               ,9758,מבוא אלקלעי              ,synonym of 261 ,261
97450,61,אשקלון              ,70,אשדוד               ,9759,אלקלעי הרב               ,synonym of 261 ,261
97451,61,אשקלון              ,70,אשדוד               ,9760,אלקלעי                   ,synonym of 261 ,261
97452,61,אשקלון              ,70,אשדוד               ,9761,הרב אלקלעי               ,synonym of 261 ,261
97453,61,אשקלון              ,70,אשדוד               ,262,המפרש                    ,official       ,262
97454,61,אשקלון              ,70,אשדוד               ,9762,פנורמה                   ,synonym of 262 ,262
97455,61,אשקלון              ,70,אשדוד               ,9763,אזור ד וילות             ,synonym of 262 ,262
97456,61,אשקלון              ,70,אשדוד               ,9764,בתי פנורמה               ,synonym of 262 ,262
97457,61,אשקלון              ,70,אשדוד               ,263,צדקת יוסף                ,official       ,263
97458,61,אשקלון              ,70,אשדוד               ,264,הרב רוזובסקי             ,official       ,264
97459,61,אשקלון              ,70,אשדוד               ,9765,רוזובסקי                 ,synonym of 264 ,264
97460,61,אשקלון              ,70,אשדוד               ,9766,נוה ברק                  ,synonym of 264 ,264
97461,61,אשקלון              ,70,אשדוד               ,9767,הרב רוזבסקי              ,synonym of 264 ,264
97462,61,אשקלון              ,70,אשדוד               ,265,טרומפלדור                ,official       ,265
97463,61,אשקלון              ,70,אשדוד               ,266,רבי עקיבא                ,official       ,266
97464,61,אשקלון              ,70,אשדוד               ,9768,עקיבא                    ,synonym of 266 ,266
97465,61,אשקלון              ,70,אשדוד               ,267,הרב אבוחצירה             ,official       ,267
97466,61,אשקלון              ,70,אשדוד               ,9769,אבוחצירה הרב             ,synonym of 267 ,267
97467,61,אשקלון              ,70,אשדוד               ,9770,אבו חצירה                ,synonym of 267 ,267
97468,61,אשקלון              ,70,אשדוד               ,9771,אבוחצירה                 ,synonym of 267 ,267
97469,61,אשקלון              ,70,אשדוד               ,268,האופים                   ,official       ,268
97470,61,אשקלון              ,70,אשדוד               ,269,היוצר                    ,official       ,269
97471,61,אשקלון              ,70,אשדוד               ,270,שלזינגר ארווין           ,official       ,270
97472,61,אשקלון              ,70,אשדוד               ,9772,המלאכה                   ,synonym of 270 ,270
97473,61,אשקלון              ,70,אשדוד               ,9773,ארווין שלזינגר           ,synonym of 270 ,270
97474,61,אשקלון              ,70,אשדוד               ,9774,שלזינגר                  ,synonym of 270 ,270
97475,61,אשקלון              ,70,אשדוד               ,9775,ארווין                   ,synonym of 270 ,270
97476,61,אשקלון              ,70,אשדוד               ,271,המסגר                    ,official       ,271
97477,61,אשקלון              ,70,אשדוד               ,272,הנגר                     ,official       ,272
97478,61,אשקלון              ,70,אשדוד               ,273,הנחושת                   ,official       ,273
97479,61,אשקלון              ,70,אשדוד               ,274,העבודה                   ,official       ,274
97480,61,אשקלון              ,70,אשדוד               ,275,העופרת                   ,official       ,275
97481,61,אשקלון              ,70,אשדוד               ,276,העמל                     ,official       ,276
97482,61,אשקלון              ,70,אשדוד               ,277,בורלא יהודה              ,official       ,277
97483,61,אשקלון              ,70,אשדוד               ,9776,יהודה בורלא              ,synonym of 277 ,277
97484,61,אשקלון              ,70,אשדוד               ,9777,בורלא                    ,synonym of 277 ,277
97485,61,אשקלון              ,70,אשדוד               ,278,ביאליק                   ,official       ,278
97486,61,אשקלון              ,70,אשדוד               ,279,ארלוזורוב                ,official       ,279
97487,61,אשקלון              ,70,אשדוד               ,280,אליאשוילי                ,official       ,280
97488,61,אשקלון              ,70,אשדוד               ,281,הרב אבן דנן              ,official       ,281
97489,61,אשקלון              ,70,אשדוד               ,9778,אבן דנן                  ,synonym of 281 ,281
97490,61,אשקלון              ,70,אשדוד               ,9779,אבן דנן הרב              ,synonym of 281 ,281
97491,61,אשקלון              ,70,אשדוד               ,9780,הרב בן דנן               ,synonym of 281 ,281
97492,61,אשקלון              ,70,אשדוד               ,9781,בן דנן                   ,synonym of 281 ,281
97493,61,אשקלון              ,70,אשדוד               ,282,הבעל שם טוב              ,official       ,282
97494,61,אשקלון              ,70,אשדוד               ,9782,מבוא הבעשט               ,synonym of 282 ,282
97495,61,אשקלון              ,70,אשדוד               ,9783,הבעשט                    ,synonym of 282 ,282
97496,61,אשקלון              ,70,אשדוד               ,9784,בעל שם טוב               ,synonym of 282 ,282
97497,61,אשקלון              ,70,אשדוד               ,9785,הבעש"ט                   ,synonym of 282 ,282
97498,61,אשקלון              ,70,אשדוד               ,283,מבוא מבצע נחשון          ,official       ,283
97499,61,אשקלון              ,70,אשדוד               ,284,מבוא מבצע חורב           ,official       ,284
97500,61,אשקלון              ,70,אשדוד               ,9786,מבצע חורב                ,synonym of 284 ,284
97501,61,אשקלון              ,70,אשדוד               ,285,בוסקילה יצחק             ,official       ,285
97502,61,אשקלון              ,70,אשדוד               ,9787,יצחק בוסקילה             ,synonym of 285 ,285
97503,61,אשקלון              ,70,אשדוד               ,9788,בוסקילה                  ,synonym of 285 ,285
97504,61,אשקלון              ,70,אשדוד               ,286,החובלים                  ,official       ,286
97505,61,אשקלון              ,70,אשדוד               ,9789,אחי מזנק                 ,synonym of 286 ,286
97506,61,אשקלון              ,70,אשדוד               ,287,המתכת                    ,official       ,287
97507,61,אשקלון              ,70,אשדוד               ,288,אלתרמן נתן               ,official       ,288
97508,61,אשקלון              ,70,אשדוד               ,9790,אלתרמן                   ,synonym of 288 ,288
97509,61,אשקלון              ,70,אשדוד               ,9791,נתן אלתרמן               ,synonym of 288 ,288
97510,61,אשקלון              ,70,אשדוד               ,289,האדמו"ר מבעלז            ,official       ,289
97511,61,אשקלון              ,70,אשדוד               ,9792,האדמור מבעלז             ,synonym of 289 ,289
97512,61,אשקלון              ,70,אשדוד               ,9793,האדמור מבלז              ,synonym of 289 ,289
97513,61,אשקלון              ,70,אשדוד               ,9794,אדמור מבעלז              ,synonym of 289 ,289
97514,61,אשקלון              ,70,אשדוד               ,290,אלון יגאל                ,official       ,290
97515,61,אשקלון              ,70,אשדוד               ,9795,יגאל אלון                ,synonym of 290 ,290
97516,61,אשקלון              ,70,אשדוד               ,291,פן אלכסנדר               ,official       ,291
97517,61,אשקלון              ,70,אשדוד               ,9796,אלכסנדר פן               ,synonym of 291 ,291
97518,61,אשקלון              ,70,אשדוד               ,9797,פן                       ,synonym of 291 ,291
97519,61,אשקלון              ,70,אשדוד               ,292,למרחב                    ,official       ,292
97520,61,אשקלון              ,70,אשדוד               ,293,המגיד                    ,official       ,293
97521,61,אשקלון              ,70,אשדוד               ,294,המשקיף                   ,official       ,294
97522,61,אשקלון              ,70,אשדוד               ,295,המברק                    ,official       ,295
97523,61,אשקלון              ,70,אשדוד               ,296,הצפירה                   ,official       ,296
97524,61,אשקלון              ,70,אשדוד               ,297,המליץ                    ,official       ,297
97525,61,אשקלון              ,70,אשדוד               ,298,הרב ניסים                ,official       ,298
97526,61,אשקלון              ,70,אשדוד               ,9798,נסים הרב                 ,synonym of 298 ,298
97527,61,אשקלון              ,70,אשדוד               ,9799,הרב נסים                 ,synonym of 298 ,298
97528,61,אשקלון              ,70,אשדוד               ,299,איתמר                    ,official       ,299
97529,61,אשקלון              ,70,אשדוד               ,9800,יד אתמר                  ,synonym of 299 ,299
97530,61,אשקלון              ,70,אשדוד               ,9801,יד איתמר                 ,synonym of 299 ,299
97531,61,אשקלון              ,70,אשדוד               ,300,החרצית                   ,official       ,300
97532,61,אשקלון              ,70,אשדוד               ,9802,חרצית                    ,synonym of 300 ,300
97533,61,אשקלון              ,70,אשדוד               ,301,האתרוג                   ,official       ,301
97534,61,אשקלון              ,70,אשדוד               ,9803,אתרוג                    ,synonym of 301 ,301
97535,61,אשקלון              ,70,אשדוד               ,302,שד ירושלים               ,official       ,302
97536,61,אשקלון              ,70,אשדוד               ,9804,ירושלים שדרות            ,synonym of 302 ,302
97537,61,אשקלון              ,70,אשדוד               ,9805,ירושלים שד               ,synonym of 302 ,302
97538,61,אשקלון              ,70,אשדוד               ,9806,ירושלים                  ,synonym of 302 ,302
97539,61,אשקלון              ,70,אשדוד               ,9807,שדרות ירושלים            ,synonym of 302 ,302
97540,61,אשקלון              ,70,אשדוד               ,303,הרותם                    ,official       ,303
97541,61,אשקלון              ,70,אשדוד               ,9808,רותם                     ,synonym of 303 ,303
97542,61,אשקלון              ,70,אשדוד               ,304,הנורית                   ,official       ,304
97543,61,אשקלון              ,70,אשדוד               ,305,הסחלב                    ,official       ,305
97544,61,אשקלון              ,70,אשדוד               ,9809,השחלב                    ,synonym of 305 ,305
97545,61,אשקלון              ,70,אשדוד               ,9810,סחלב                     ,synonym of 305 ,305
97546,61,אשקלון              ,70,אשדוד               ,306,מבוא השרביטן             ,official       ,306
97547,61,אשקלון              ,70,אשדוד               ,9811,השרביטן מבוא             ,synonym of 306 ,306
97548,61,אשקלון              ,70,אשדוד               ,9812,השרביטן                  ,synonym of 306 ,306
97549,61,אשקלון              ,70,אשדוד               ,307,שד הפרחים                ,official       ,307
97550,61,אשקלון              ,70,אשדוד               ,9813,מרכז קליטה פלדות         ,synonym of 307 ,307
97551,61,אשקלון              ,70,אשדוד               ,9814,פלדות                    ,synonym of 307 ,307
97552,61,אשקלון              ,70,אשדוד               ,9815,הפרחים                   ,synonym of 307 ,307
97553,61,אשקלון              ,70,אשדוד               ,308,כפתור החולות             ,official       ,308
97554,61,אשקלון              ,70,אשדוד               ,309,הכלנית                   ,official       ,309
97555,61,אשקלון              ,70,אשדוד               ,9816,כלנית                    ,synonym of 309 ,309
97556,61,אשקלון              ,70,אשדוד               ,310,מבוא הדמומית             ,official       ,310
97557,61,אשקלון              ,70,אשדוד               ,9817,הדמומית                  ,synonym of 310 ,310
97558,61,אשקלון              ,70,אשדוד               ,9818,הדמומית מבוא             ,synonym of 310 ,310
97559,61,אשקלון              ,70,אשדוד               ,311,מבוא העירית              ,official       ,311
97560,61,אשקלון              ,70,אשדוד               ,9819,העירית                   ,synonym of 311 ,311
97561,61,אשקלון              ,70,אשדוד               ,9820,העירית מבוא              ,synonym of 311 ,311
97562,61,אשקלון              ,70,אשדוד               ,312,מבוא הגומא               ,official       ,312
97563,61,אשקלון              ,70,אשדוד               ,9821,הגומא                    ,synonym of 312 ,312
97564,61,אשקלון              ,70,אשדוד               ,9822,הגומא מבוא               ,synonym of 312 ,312
97565,61,אשקלון              ,70,אשדוד               ,313,הצבעוני                  ,official       ,313
97566,61,אשקלון              ,70,אשדוד               ,314,הנרקיס                   ,official       ,314
97567,61,אשקלון              ,70,אשדוד               ,9823,נרקיס                    ,synonym of 314 ,314
97568,61,אשקלון              ,70,אשדוד               ,315,הרקפת                    ,official       ,315
97569,61,אשקלון              ,70,אשדוד               ,9824,רקפת                     ,synonym of 315 ,315
97570,61,אשקלון              ,70,אשדוד               ,316,הסייפן                   ,official       ,316
97571,61,אשקלון              ,70,אשדוד               ,9825,סייפן                    ,synonym of 316 ,316
97572,61,אשקלון              ,70,אשדוד               ,9826,סיפן                     ,synonym of 316 ,316
97573,61,אשקלון              ,70,אשדוד               ,9827,הסיפן                    ,synonym of 316 ,316
97574,61,אשקלון              ,70,אשדוד               ,317,ספיח                     ,official       ,317
97575,61,אשקלון              ,70,אשדוד               ,318,גאפונוב                  ,official       ,318
97576,61,אשקלון              ,70,אשדוד               ,9828,גפונוב                   ,synonym of 318 ,318
97577,61,אשקלון              ,70,אשדוד               ,9829,דב גאפונוב               ,synonym of 318 ,318
97578,61,אשקלון              ,70,אשדוד               ,9830,דב גפונוב                ,synonym of 318 ,318
97579,61,אשקלון              ,70,אשדוד               ,319,המתמיד                   ,official       ,319
97580,61,אשקלון              ,70,אשדוד               ,320,אל הציפור                ,official       ,320
97581,61,אשקלון              ,70,אשדוד               ,321,יקינטון                  ,official       ,321
97582,61,אשקלון              ,70,אשדוד               ,9831,יקינתון                  ,synonym of 321 ,321
97583,61,אשקלון              ,70,אשדוד               ,9832,היקינטון                 ,synonym of 321 ,321
97584,61,אשקלון              ,70,אשדוד               ,9833,היקינתון                 ,synonym of 321 ,321
97585,61,אשקלון              ,70,אשדוד               ,9834,סמ יקינטון               ,synonym of 321 ,321
97586,61,אשקלון              ,70,אשדוד               ,9835,סמ יקינתון               ,synonym of 321 ,321
97587,61,אשקלון              ,70,אשדוד               ,322,אליאב לובה               ,official       ,322
97588,61,אשקלון              ,70,אשדוד               ,9836,לובה אליאב               ,synonym of 322 ,322
97589,61,אשקלון              ,70,אשדוד               ,9837,אליאב                    ,synonym of 322 ,322
97590,61,אשקלון              ,70,אשדוד               ,9838,לובה                     ,synonym of 322 ,322
97591,61,אשקלון              ,70,אשדוד               ,323,דרך הרכבת                ,official       ,323
97592,61,אשקלון              ,70,אשדוד               ,325,הטיילת                   ,official       ,325
97593,61,אשקלון              ,70,אשדוד               ,326,האדמו"ר מויז'ניץ         ,official       ,326
97594,61,אשקלון              ,70,אשדוד               ,9839,האדמור מויזניץ           ,synonym of 326 ,326
97595,61,אשקלון              ,70,אשדוד               ,327,אור לציון                ,official       ,327
97596,61,אשקלון              ,70,אשדוד               ,328,האדמו"ר מגור             ,official       ,328
97597,61,אשקלון              ,70,אשדוד               ,9840,האדמור מגור              ,synonym of 328 ,328
97598,61,אשקלון              ,70,אשדוד               ,329,התלמוד                   ,official       ,329
97599,61,אשקלון              ,70,אשדוד               ,330,הבנים                    ,official       ,330
97600,61,אשקלון              ,70,אשדוד               ,331,הגדוד העברי              ,official       ,331
97601,61,אשקלון              ,70,אשדוד               ,332,אקסודוס                  ,official       ,332
97602,61,אשקלון              ,70,אשדוד               ,9841,אכסודוס                  ,synonym of 332 ,332
97603,61,אשקלון              ,70,אשדוד               ,333,אוניון                   ,official       ,333
97604,61,אשקלון              ,70,אשדוד               ,334,ואלוס                    ,official       ,334
97605,61,אשקלון              ,70,אשדוד               ,335,שד אלטלנה                ,official       ,335
97606,61,אשקלון              ,70,אשדוד               ,9842,אלטלנה                   ,synonym of 335 ,335
97607,61,אשקלון              ,70,אשדוד               ,336,אגוז                     ,official       ,336
97608,61,אשקלון              ,70,אשדוד               ,337,פאנצו                    ,official       ,337
97609,61,אשקלון              ,70,אשדוד               ,338,סלבדור                   ,official       ,338
97610,61,אשקלון              ,70,אשדוד               ,339,מפקורה                   ,official       ,339
97611,61,אשקלון              ,70,אשדוד               ,340,בן עמי עובד              ,official       ,340
97612,61,אשקלון              ,70,אשדוד               ,9843,עובד בן עמי              ,synonym of 340 ,340
97613,61,אשקלון              ,70,אשדוד               ,9844,בן עמי                   ,synonym of 340 ,340
97614,61,אשקלון              ,70,אשדוד               ,9845,בן-עמי                   ,synonym of 340 ,340
97615,61,אשקלון              ,70,אשדוד               ,9846,עובד בן-עמי              ,synonym of 340 ,340
97616,61,אשקלון              ,70,אשדוד               ,341,בן הכט                   ,official       ,341
97617,61,אשקלון              ,70,אשדוד               ,342,לילי                     ,official       ,342
97618,61,אשקלון              ,70,אשדוד               ,343,דרך ארץ                  ,official       ,343
97619,61,אשקלון              ,70,אשדוד               ,344,יצחק שמיר                ,official       ,344
97620,61,אשקלון              ,70,אשדוד               ,9847,שמיר יצחק                ,synonym of 344 ,344
97621,61,אשקלון              ,70,אשדוד               ,345,הרפואה                   ,official       ,345
97622,61,אשקלון              ,70,אשדוד               ,346,רפאל איתן )רפול(         ,official       ,346
97623,61,אשקלון              ,70,אשדוד               ,9848,רפאל איתן                ,synonym of 346 ,346
97624,61,אשקלון              ,70,אשדוד               ,9849,רפול                     ,synonym of 346 ,346
97654,61,אשקלון              ,70,אשדוד               ,9862,ראובן                    ,synonym of 375 ,375
97625,61,אשקלון              ,70,אשדוד               ,347,משה לוי)מוישה וחצי(      ,official       ,347
97626,61,אשקלון              ,70,אשדוד               ,9850,משה לוי                  ,synonym of 347 ,347
97627,61,אשקלון              ,70,אשדוד               ,9851,מוישה וחצי               ,synonym of 347 ,347
97628,61,אשקלון              ,70,אשדוד               ,9852,לוי משה)מוישה וחצי(      ,synonym of 347 ,347
97629,61,אשקלון              ,70,אשדוד               ,9853,לוי משה                  ,synonym of 347 ,347
97630,61,אשקלון              ,70,אשדוד               ,350,שלונסקי אברהם            ,official       ,350
97631,61,אשקלון              ,70,אשדוד               ,9854,שלונסקי                  ,synonym of 350 ,350
97632,61,אשקלון              ,70,אשדוד               ,351,גרינברג אורי צבי         ,official       ,351
97633,61,אשקלון              ,70,אשדוד               ,9855,אורי צבי גרינברג         ,synonym of 351 ,351
97634,61,אשקלון              ,70,אשדוד               ,9856,גרינברג אורי             ,synonym of 351 ,351
97635,61,אשקלון              ,70,אשדוד               ,9857,א צ ג                    ,synonym of 351 ,351
97636,61,אשקלון              ,70,אשדוד               ,9858,גרינברג                  ,synonym of 351 ,351
97637,61,אשקלון              ,70,אשדוד               ,355,שיר השירים               ,official       ,355
97638,61,אשקלון              ,70,אשדוד               ,360,תשרי                     ,official       ,360
97639,61,אשקלון              ,70,אשדוד               ,361,חשון                     ,official       ,361
97640,61,אשקלון              ,70,אשדוד               ,9859,חשוון                    ,synonym of 361 ,361
97641,61,אשקלון              ,70,אשדוד               ,362,כסלו                     ,official       ,362
97642,61,אשקלון              ,70,אשדוד               ,9860,כסליו                    ,synonym of 362 ,362
97643,61,אשקלון              ,70,אשדוד               ,363,טבת                      ,official       ,363
97644,61,אשקלון              ,70,אשדוד               ,364,שבט                      ,official       ,364
97645,61,אשקלון              ,70,אשדוד               ,365,אדר                      ,official       ,365
97646,61,אשקלון              ,70,אשדוד               ,366,ניסן                     ,official       ,366
97647,61,אשקלון              ,70,אשדוד               ,367,אייר                     ,official       ,367
97648,61,אשקלון              ,70,אשדוד               ,368,סיון                     ,official       ,368
97649,61,אשקלון              ,70,אשדוד               ,9861,סיוון                    ,synonym of 368 ,368
97650,61,אשקלון              ,70,אשדוד               ,369,תמוז                     ,official       ,369
97651,61,אשקלון              ,70,אשדוד               ,370,אב                       ,official       ,370
97652,61,אשקלון              ,70,אשדוד               ,371,אלול                     ,official       ,371
97653,61,אשקלון              ,70,אשדוד               ,375,שבט ראובן                ,official       ,375
97655,61,אשקלון              ,70,אשדוד               ,376,שבט שמעון                ,official       ,376
97656,61,אשקלון              ,70,אשדוד               ,9863,שמעון                    ,synonym of 376 ,376
97657,61,אשקלון              ,70,אשדוד               ,377,שבט לוי                  ,official       ,377
97658,61,אשקלון              ,70,אשדוד               ,378,שבט יהודה                ,official       ,378
97659,61,אשקלון              ,70,אשדוד               ,9864,יהודה                    ,synonym of 378 ,378
97660,61,אשקלון              ,70,אשדוד               ,379,שבט דן                   ,official       ,379
97661,61,אשקלון              ,70,אשדוד               ,380,שבט נפתלי                ,official       ,380
97662,61,אשקלון              ,70,אשדוד               ,9865,נפתלי                    ,synonym of 380 ,380
97663,61,אשקלון              ,70,אשדוד               ,381,שבט גד                   ,official       ,381
97664,61,אשקלון              ,70,אשדוד               ,382,שבט אשר                  ,official       ,382
97665,61,אשקלון              ,70,אשדוד               ,9866,אשר                      ,synonym of 382 ,382
97666,61,אשקלון              ,70,אשדוד               ,383,שבט יששכר                ,official       ,383
97667,61,אשקלון              ,70,אשדוד               ,9867,יששכר                    ,synonym of 383 ,383
97668,61,אשקלון              ,70,אשדוד               ,384,שבט זבולון               ,official       ,384
97669,61,אשקלון              ,70,אשדוד               ,9868,זבולון                   ,synonym of 384 ,384
97670,61,אשקלון              ,70,אשדוד               ,385,שבט יוסף                 ,official       ,385
97671,61,אשקלון              ,70,אשדוד               ,9869,יוסף                     ,synonym of 385 ,385
97672,61,אשקלון              ,70,אשדוד               ,386,שבט בנימין               ,official       ,386
97673,61,אשקלון              ,70,אשדוד               ,9870,בנימין                   ,synonym of 386 ,386
97674,61,אשקלון              ,70,אשדוד               ,390,כוכב הצפון               ,official       ,390
97675,61,אשקלון              ,70,אשדוד               ,391,כוכב השחר                ,official       ,391
97676,61,אשקלון              ,70,אשדוד               ,392,כוכב הדרום               ,official       ,392
97677,61,אשקלון              ,70,אשדוד               ,401,נחל לכיש                 ,official       ,401
97678,61,אשקלון              ,70,אשדוד               ,9871,לכיש                     ,synonym of 401 ,401
97679,61,אשקלון              ,70,אשדוד               ,402,נחל שורק                 ,official       ,402
97680,61,אשקלון              ,70,אשדוד               ,9872,שורק                     ,synonym of 402 ,402
97681,61,אשקלון              ,70,אשדוד               ,403,נחל דן                   ,official       ,403
97682,61,אשקלון              ,70,אשדוד               ,9873,דן                       ,synonym of 403 ,403
97683,61,אשקלון              ,70,אשדוד               ,404,קדרון                    ,official       ,404
97684,61,אשקלון              ,70,אשדוד               ,9874,קידרון                   ,synonym of 404 ,404
97685,61,אשקלון              ,70,אשדוד               ,9875,נחל קדרון                ,synonym of 404 ,404
97686,61,אשקלון              ,70,אשדוד               ,405,נעמן                     ,official       ,405
97687,61,אשקלון              ,70,אשדוד               ,9876,נחל נעמן                 ,synonym of 405 ,405
97688,61,אשקלון              ,70,אשדוד               ,406,כנרת                     ,official       ,406
97689,61,אשקלון              ,70,אשדוד               ,9877,כינרת                    ,synonym of 406 ,406
97690,61,אשקלון              ,70,אשדוד               ,407,קישון                    ,official       ,407
97691,61,אשקלון              ,70,אשדוד               ,9878,הקישון                   ,synonym of 407 ,407
97692,61,אשקלון              ,70,אשדוד               ,9879,נחל קישון                ,synonym of 407 ,407
97693,61,אשקלון              ,70,אשדוד               ,408,ירקון                    ,official       ,408
97694,61,אשקלון              ,70,אשדוד               ,9880,נחל ירקון                ,synonym of 408 ,408
97695,61,אשקלון              ,70,אשדוד               ,9881,נחל הירקון               ,synonym of 408 ,408
97696,61,אשקלון              ,70,אשדוד               ,9882,הירקון                   ,synonym of 408 ,408
97697,61,אשקלון              ,70,אשדוד               ,409,אילון                    ,official       ,409
97698,61,אשקלון              ,70,אשדוד               ,9883,נחל אילון                ,synonym of 409 ,409
97699,61,אשקלון              ,70,אשדוד               ,9884,נחל איילון               ,synonym of 409 ,409
97700,61,אשקלון              ,70,אשדוד               ,410,צאלים                    ,official       ,410
97701,61,אשקלון              ,70,אשדוד               ,9885,נחל צאלים                ,synonym of 410 ,410
97702,61,אשקלון              ,70,אשדוד               ,411,נחל שניר                 ,official       ,411
97703,61,אשקלון              ,70,אשדוד               ,9886,שניר                     ,synonym of 411 ,411
97704,61,אשקלון              ,70,אשדוד               ,412,הרי גולן                 ,official       ,412
97705,61,אשקלון              ,70,אשדוד               ,9887,הגולן                    ,synonym of 412 ,412
97706,61,אשקלון              ,70,אשדוד               ,9888,גולן                     ,synonym of 412 ,412
97707,61,אשקלון              ,70,אשדוד               ,9889,הר גולן                  ,synonym of 412 ,412
97708,61,אשקלון              ,70,אשדוד               ,413,חרמון                    ,official       ,413
97709,61,אשקלון              ,70,אשדוד               ,9890,החרמון                   ,synonym of 413 ,413
97710,61,אשקלון              ,70,אשדוד               ,9891,הר חרמון                 ,synonym of 413 ,413
97711,61,אשקלון              ,70,אשדוד               ,414,ירמוך                    ,official       ,414
97712,61,אשקלון              ,70,אשדוד               ,9892,נחל ירמוך                ,synonym of 414 ,414
97713,61,אשקלון              ,70,אשדוד               ,9893,הירמוך                   ,synonym of 414 ,414
97714,61,אשקלון              ,70,אשדוד               ,415,מצדה                     ,official       ,415
97715,61,אשקלון              ,70,אשדוד               ,9894,הר מצדה                  ,synonym of 415 ,415
97716,61,אשקלון              ,70,אשדוד               ,416,הר הצופים                ,official       ,416
97717,61,אשקלון              ,70,אשדוד               ,417,פארן                     ,official       ,417
97718,61,אשקלון              ,70,אשדוד               ,9895,נחל פארן                 ,synonym of 417 ,417
97719,61,אשקלון              ,70,אשדוד               ,418,הר מירון                 ,official       ,418
97720,61,אשקלון              ,70,אשדוד               ,9896,מירון                    ,synonym of 418 ,418
97721,61,אשקלון              ,70,אשדוד               ,419,הר גלבוע                 ,official       ,419
97722,61,אשקלון              ,70,אשדוד               ,9897,גלבוע                    ,synonym of 419 ,419
97723,61,אשקלון              ,70,אשדוד               ,420,הר נבו                   ,official       ,420
97724,61,אשקלון              ,70,אשדוד               ,9898,נבו                      ,synonym of 420 ,420
97725,61,אשקלון              ,70,אשדוד               ,421,הר תבור                  ,official       ,421
97726,61,אשקלון              ,70,אשדוד               ,9899,תבור                     ,synonym of 421 ,421
97727,61,אשקלון              ,70,אשדוד               ,422,הר כרמל                  ,official       ,422
97728,61,אשקלון              ,70,אשדוד               ,9900,הכרמל                    ,synonym of 422 ,422
97729,61,אשקלון              ,70,אשדוד               ,423,חורב                     ,official       ,423
97730,61,אשקלון              ,70,אשדוד               ,9901,הר חורב                  ,synonym of 423 ,423
97731,61,אשקלון              ,70,אשדוד               ,424,גלעד                     ,official       ,424
97732,61,אשקלון              ,70,אשדוד               ,9902,הר גלעד                  ,synonym of 424 ,424
97733,61,אשקלון              ,70,אשדוד               ,9903,הגלעד                    ,synonym of 424 ,424
97734,61,אשקלון              ,70,אשדוד               ,425,הר ציון                  ,official       ,425
97735,61,אשקלון              ,70,אשדוד               ,9904,ציון                     ,synonym of 425 ,425
97736,61,אשקלון              ,70,אשדוד               ,426,הבשור                    ,official       ,426
97737,61,אשקלון              ,70,אשדוד               ,9905,נחל הבשור                ,synonym of 426 ,426
97738,61,אשקלון              ,70,אשדוד               ,9906,נחל בשור                 ,synonym of 426 ,426
97739,61,אשקלון              ,70,אשדוד               ,427,נחל ערוגות               ,official       ,427
97740,61,אשקלון              ,70,אשדוד               ,9907,ערוגות                   ,synonym of 427 ,427
97741,61,אשקלון              ,70,אשדוד               ,428,הר כנען                  ,official       ,428
97742,61,אשקלון              ,70,אשדוד               ,429,שומרון                   ,official       ,429
97743,61,אשקלון              ,70,אשדוד               ,9908,הרי שומרון               ,synonym of 429 ,429
97744,61,אשקלון              ,70,אשדוד               ,9909,הר שומרון                ,synonym of 429 ,429
97745,61,אשקלון              ,70,אשדוד               ,9910,השומרון                  ,synonym of 429 ,429
97746,61,אשקלון              ,70,אשדוד               ,430,מוריה                    ,official       ,430
97747,61,אשקלון              ,70,אשדוד               ,9911,הר מוריה                 ,synonym of 430 ,430
97748,61,אשקלון              ,70,אשדוד               ,431,הגולשים                  ,official       ,431
97749,61,אשקלון              ,70,אשדוד               ,432,השייטים                  ,official       ,432
97750,61,אשקלון              ,70,אשדוד               ,433,הצוללים                  ,official       ,433
97751,61,אשקלון              ,70,אשדוד               ,434,הר אביטל                 ,official       ,434
97752,61,אשקלון              ,70,אשדוד               ,435,שער האריות               ,official       ,435
97753,61,אשקלון              ,70,אשדוד               ,436,בקעת הירח                ,official       ,436
97754,61,אשקלון              ,70,אשדוד               ,437,מרכז קליטה שלום          ,official       ,437
97755,61,אשקלון              ,70,אשדוד               ,438,שדרות נתיבי הים          ,official       ,438
97756,61,אשקלון              ,70,אשדוד               ,9912,שד נתיבי הים             ,synonym of 438 ,438
97757,61,אשקלון              ,70,אשדוד               ,439,התורן                    ,official       ,439
97758,61,אשקלון              ,70,אשדוד               ,440,סנפיר                    ,official       ,440
97759,61,אשקלון              ,70,אשדוד               ,441,החותרים                  ,official       ,441
97760,61,אשקלון              ,70,אשדוד               ,442,מכולות                   ,official       ,442
97761,61,אשקלון              ,70,אשדוד               ,443,נמלי ישראל               ,official       ,443
97762,61,אשקלון              ,70,אשדוד               ,444,עובדי הנמל               ,official       ,444
97763,61,אשקלון              ,70,אשדוד               ,450,כינור                    ,official       ,450
97764,61,אשקלון              ,70,אשדוד               ,9913,הכינור                   ,synonym of 450 ,450
97765,61,אשקלון              ,70,אשדוד               ,9914,כנור                     ,synonym of 450 ,450
97766,61,אשקלון              ,70,אשדוד               ,451,ג'ו עמר                  ,official       ,451
97767,61,אשקלון              ,70,אשדוד               ,9915,עמר ג'ו                  ,synonym of 451 ,451
97768,61,אשקלון              ,70,אשדוד               ,452,סמי אלמגריבי             ,official       ,452
97769,61,אשקלון              ,70,אשדוד               ,9916,אלמגריבי סמי             ,synonym of 452 ,452
98300,61,אשקלון              ,70,אשדוד               ,767,רבינא                    ,official       ,767
97770,61,אשקלון              ,70,אשדוד               ,453,הרב חיים שושנה           ,official       ,453
97771,61,אשקלון              ,70,אשדוד               ,9917,חיים שושנה               ,synonym of 453 ,453
97772,61,אשקלון              ,70,אשדוד               ,9918,הרב שושנה חיים           ,synonym of 453 ,453
97773,61,אשקלון              ,70,אשדוד               ,454,יפה ירקוני               ,official       ,454
97774,61,אשקלון              ,70,אשדוד               ,9919,ירקוני יפה               ,synonym of 454 ,454
97775,61,אשקלון              ,70,אשדוד               ,455,שושנה דמארי              ,official       ,455
97776,61,אשקלון              ,70,אשדוד               ,9920,דמארי שושנה              ,synonym of 455 ,455
97777,61,אשקלון              ,70,אשדוד               ,456,רבי דוד אלקיים           ,official       ,456
97778,61,אשקלון              ,70,אשדוד               ,9921,רבי אלקיים דוד           ,synonym of 456 ,456
97779,61,אשקלון              ,70,אשדוד               ,9922,דוד אלקיים               ,synonym of 456 ,456
97780,61,אשקלון              ,70,אשדוד               ,9923,אלקיים דוד               ,synonym of 456 ,456
97781,61,אשקלון              ,70,אשדוד               ,457,אריק איינשטיין           ,official       ,457
97782,61,אשקלון              ,70,אשדוד               ,9924,איינשטיין אריק           ,synonym of 457 ,457
97783,61,אשקלון              ,70,אשדוד               ,458,יוסי בנאי                ,official       ,458
97784,61,אשקלון              ,70,אשדוד               ,9925,בנאי יוסי                ,synonym of 458 ,458
97785,61,אשקלון              ,70,אשדוד               ,460,אהוד מנור                ,official       ,460
97786,61,אשקלון              ,70,אשדוד               ,9926,מנור אהוד                ,synonym of 460 ,460
97787,61,אשקלון              ,70,אשדוד               ,461,עוזי חיטמן               ,official       ,461
97788,61,אשקלון              ,70,אשדוד               ,9927,חיטמן עוזי               ,synonym of 461 ,461
97789,61,אשקלון              ,70,אשדוד               ,462,רבי דוד בן חסין          ,official       ,462
97790,61,אשקלון              ,70,אשדוד               ,463,צה"ל                     ,official       ,463
97791,61,אשקלון              ,70,אשדוד               ,479,דרך אריאל שרון           ,official       ,479
97792,61,אשקלון              ,70,אשדוד               ,9928,אריאל שרון               ,synonym of 479 ,479
97793,61,אשקלון              ,70,אשדוד               ,9929,דרך שרון אריאל           ,synonym of 479 ,479
97794,61,אשקלון              ,70,אשדוד               ,9930,שרון אריאל               ,synonym of 479 ,479
97795,61,אשקלון              ,70,אשדוד               ,480,דרך לסקוב                ,official       ,480
97796,61,אשקלון              ,70,אשדוד               ,9931,בוני הנמל                ,synonym of 480 ,480
97797,61,אשקלון              ,70,אשדוד               ,9932,לסקוב                    ,synonym of 480 ,480
97798,61,אשקלון              ,70,אשדוד               ,481,דרך תל מור               ,official       ,481
97799,61,אשקלון              ,70,אשדוד               ,9933,תל מור                   ,synonym of 481 ,481
97800,61,אשקלון              ,70,אשדוד               ,482,חלוצי התעשיה             ,official       ,482
97801,61,אשקלון              ,70,אשדוד               ,483,מבוא הספנים              ,official       ,483
97802,61,אשקלון              ,70,אשדוד               ,9934,הספנים                   ,synonym of 483 ,483
97803,61,אשקלון              ,70,אשדוד               ,484,הימאים                   ,official       ,484
97804,61,אשקלון              ,70,אשדוד               ,9935,מבוא הימאים              ,synonym of 484 ,484
97805,61,אשקלון              ,70,אשדוד               ,485,החשמל                    ,official       ,485
97806,61,אשקלון              ,70,אשדוד               ,486,דרך ניר גלים             ,official       ,486
97807,61,אשקלון              ,70,אשדוד               ,487,ההשכלה                   ,official       ,487
97808,61,אשקלון              ,70,אשדוד               ,488,הנפט                     ,official       ,488
97809,61,אשקלון              ,70,אשדוד               ,489,הפריון                   ,official       ,489
97810,61,אשקלון              ,70,אשדוד               ,490,הפלדה                    ,official       ,490
97811,61,אשקלון              ,70,אשדוד               ,491,האשלג                    ,official       ,491
97812,61,אשקלון              ,70,אשדוד               ,492,הבטיחות                  ,official       ,492
97813,61,אשקלון              ,70,אשדוד               ,493,החניכים                  ,official       ,493
97814,61,אשקלון              ,70,אשדוד               ,494,החרושת                   ,official       ,494
97815,61,אשקלון              ,70,אשדוד               ,495,הקיטור                   ,official       ,495
97816,61,אשקלון              ,70,אשדוד               ,496,המחקר                    ,official       ,496
97817,61,אשקלון              ,70,אשדוד               ,497,היציקה                   ,official       ,497
97818,61,אשקלון              ,70,אשדוד               ,498,היזמה                    ,official       ,498
97819,61,אשקלון              ,70,אשדוד               ,499,המדע                     ,official       ,499
97820,61,אשקלון              ,70,אשדוד               ,500,הבנאים                   ,official       ,500
97821,61,אשקלון              ,70,אשדוד               ,9936,הבונים                   ,synonym of 500 ,500
97822,61,אשקלון              ,70,אשדוד               ,501,האורגים                  ,official       ,501
97823,61,אשקלון              ,70,אשדוד               ,502,היהלומים                 ,official       ,502
97824,61,אשקלון              ,70,אשדוד               ,503,ההדרים                   ,official       ,503
97825,61,אשקלון              ,70,אשדוד               ,504,בעלי מלאכה               ,official       ,504
97826,61,אשקלון              ,70,אשדוד               ,505,הצורפים                  ,official       ,505
97827,61,אשקלון              ,70,אשדוד               ,506,הקדמה                    ,official       ,506
97828,61,אשקלון              ,70,אשדוד               ,9937,הקידמה                   ,synonym of 506 ,506
97829,61,אשקלון              ,70,אשדוד               ,507,הבושם                    ,official       ,507
97830,61,אשקלון              ,70,אשדוד               ,508,האומן                    ,official       ,508
97831,61,אשקלון              ,70,אשדוד               ,509,דולומיט                  ,official       ,509
97832,61,אשקלון              ,70,אשדוד               ,510,הוסטל שלום               ,official       ,510
97833,61,אשקלון              ,70,אשדוד               ,512,התקשורת                  ,official       ,512
97834,61,אשקלון              ,70,אשדוד               ,9938,התיקשורת                 ,synonym of 512 ,512
97835,61,אשקלון              ,70,אשדוד               ,513,התעסוקה                  ,official       ,513
97836,61,אשקלון              ,70,אשדוד               ,9939,תעסוקה                   ,synonym of 513 ,513
97837,61,אשקלון              ,70,אשדוד               ,514,לוחמי האש                ,official       ,514
97838,61,אשקלון              ,70,אשדוד               ,520,מבוא הדגנית              ,official       ,520
97839,61,אשקלון              ,70,אשדוד               ,9940,מבוא דגנית               ,synonym of 520 ,520
97840,61,אשקלון              ,70,אשדוד               ,9941,הדגנית                   ,synonym of 520 ,520
97841,61,אשקלון              ,70,אשדוד               ,521,מבוא החמציץ              ,official       ,521
97842,61,אשקלון              ,70,אשדוד               ,9942,החמציץ                   ,synonym of 521 ,521
97843,61,אשקלון              ,70,אשדוד               ,9943,מבוא החמצוץ              ,synonym of 521 ,521
97844,61,אשקלון              ,70,אשדוד               ,522,מבוא הכרכום              ,official       ,522
97845,61,אשקלון              ,70,אשדוד               ,9944,הכרכום                   ,synonym of 522 ,522
97846,61,אשקלון              ,70,אשדוד               ,523,מבוא הדודאים             ,official       ,523
97847,61,אשקלון              ,70,אשדוד               ,9945,הדודאים                  ,synonym of 523 ,523
97848,61,אשקלון              ,70,אשדוד               ,525,הרב טייב                 ,official       ,525
97849,61,אשקלון              ,70,אשדוד               ,9946,הרב חי טייב              ,synonym of 525 ,525
97850,61,אשקלון              ,70,אשדוד               ,526,הרמ"א                    ,official       ,526
97851,61,אשקלון              ,70,אשדוד               ,9947,הרמא                     ,synonym of 526 ,526
97852,61,אשקלון              ,70,אשדוד               ,9948,רמא                      ,synonym of 526 ,526
97853,61,אשקלון              ,70,אשדוד               ,9949,רמ"א                     ,synonym of 526 ,526
97854,61,אשקלון              ,70,אשדוד               ,527,זינגר בשביס              ,official       ,527
97855,61,אשקלון              ,70,אשדוד               ,9950,בשביס זינגר              ,synonym of 527 ,527
97856,61,אשקלון              ,70,אשדוד               ,9951,זינגר                    ,synonym of 527 ,527
97857,61,אשקלון              ,70,אשדוד               ,531,נחל הליטני               ,official       ,531
97858,61,אשקלון              ,70,אשדוד               ,9952,נחל ליטני                ,synonym of 531 ,531
97859,61,אשקלון              ,70,אשדוד               ,533,דרך המכס                 ,official       ,533
97860,61,אשקלון              ,70,אשדוד               ,9953,המכס                     ,synonym of 533 ,533
97861,61,אשקלון              ,70,אשדוד               ,534,הגוררת                   ,official       ,534
97862,61,אשקלון              ,70,אשדוד               ,535,הדוברה                   ,official       ,535
97863,61,אשקלון              ,70,אשדוד               ,536,שושנת הרוחות             ,official       ,536
97864,61,אשקלון              ,70,אשדוד               ,537,הספנות                   ,official       ,537
97865,61,אשקלון              ,70,אשדוד               ,538,האוניה                   ,official       ,538
97866,61,אשקלון              ,70,אשדוד               ,539,הסיפון                   ,official       ,539
97867,61,אשקלון              ,70,אשדוד               ,540,כוכב הים                 ,official       ,540
97868,61,אשקלון              ,70,אשדוד               ,541,ההפלגה                   ,official       ,541
97869,61,אשקלון              ,70,אשדוד               ,542,הרציף                    ,official       ,542
97870,61,אשקלון              ,70,אשדוד               ,543,שובר הגלים               ,official       ,543
97871,61,אשקלון              ,70,אשדוד               ,9954,שובר גלים                ,synonym of 543 ,543
97872,61,אשקלון              ,70,אשדוד               ,544,המעגן                    ,official       ,544
97873,61,אשקלון              ,70,אשדוד               ,545,הנחשול                   ,official       ,545
97874,61,אשקלון              ,70,אשדוד               ,546,המעבורת                  ,official       ,546
97875,61,אשקלון              ,70,אשדוד               ,547,המצפן                    ,official       ,547
97876,61,אשקלון              ,70,אשדוד               ,548,המגדלור                  ,official       ,548
97877,61,אשקלון              ,70,אשדוד               ,549,העוגן                    ,official       ,549
97878,61,אשקלון              ,70,אשדוד               ,550,המפרץ                    ,official       ,550
97879,61,אשקלון              ,70,אשדוד               ,551,נחמן מברסלב              ,official       ,551
97880,61,אשקלון              ,70,אשדוד               ,9955,רבי נחמן מברסלב          ,synonym of 551 ,551
97881,61,אשקלון              ,70,אשדוד               ,552,קארו יוסף                ,official       ,552
97882,61,אשקלון              ,70,אשדוד               ,9956,הרב יוסף קארו            ,synonym of 552 ,552
97883,61,אשקלון              ,70,אשדוד               ,9957,רבי יוסף קארו            ,synonym of 552 ,552
97884,61,אשקלון              ,70,אשדוד               ,9958,קארו                     ,synonym of 552 ,552
97885,61,אשקלון              ,70,אשדוד               ,9959,הבית יוסף                ,synonym of 552 ,552
97886,61,אשקלון              ,70,אשדוד               ,9960,יוסף קארו                ,synonym of 552 ,552
97887,61,אשקלון              ,70,אשדוד               ,553,רבנו תם                  ,official       ,553
97888,61,אשקלון              ,70,אשדוד               ,554,רבנו גרשום               ,official       ,554
97889,61,אשקלון              ,70,אשדוד               ,555,הרא"ש                    ,official       ,555
97890,61,אשקלון              ,70,אשדוד               ,9961,הראש                     ,synonym of 555 ,555
97891,61,אשקלון              ,70,אשדוד               ,556,האר"י הקדוש              ,official       ,556
97892,61,אשקלון              ,70,אשדוד               ,9962,הארי הקדוש               ,synonym of 556 ,556
97893,61,אשקלון              ,70,אשדוד               ,9963,הארי                     ,synonym of 556 ,556
97894,61,אשקלון              ,70,אשדוד               ,9964,האר"י                    ,synonym of 556 ,556
97895,61,אשקלון              ,70,אשדוד               ,557,אור החיים                ,official       ,557
97896,61,אשקלון              ,70,אשדוד               ,558,הרי"ף                    ,official       ,558
97897,61,אשקלון              ,70,אשדוד               ,9965,הריף                     ,synonym of 558 ,558
97898,61,אשקלון              ,70,אשדוד               ,559,הגר"א                    ,official       ,559
97899,61,אשקלון              ,70,אשדוד               ,9966,הגרא                     ,synonym of 559 ,559
97900,61,אשקלון              ,70,אשדוד               ,9967,הגר"א מוילנה             ,synonym of 559 ,559
97901,61,אשקלון              ,70,אשדוד               ,9968,הגאון מוילנה             ,synonym of 559 ,559
97902,61,אשקלון              ,70,אשדוד               ,560,החיד"א                   ,official       ,560
97903,61,אשקלון              ,70,אשדוד               ,9969,החידא                    ,synonym of 560 ,560
97904,61,אשקלון              ,70,אשדוד               ,561,הרב בוזגלו דוד           ,official       ,561
97905,61,אשקלון              ,70,אשדוד               ,9970,בוזגלו דוד               ,synonym of 561 ,561
97906,61,אשקלון              ,70,אשדוד               ,9971,דוד בוזגלו               ,synonym of 561 ,561
97907,61,אשקלון              ,70,אשדוד               ,9972,בוזגלו                   ,synonym of 561 ,561
97908,61,אשקלון              ,70,אשדוד               ,9973,הרב בוזגלו               ,synonym of 561 ,561
97909,61,אשקלון              ,70,אשדוד               ,562,שדרות רש"י               ,official       ,562
97910,61,אשקלון              ,70,אשדוד               ,9974,שד רשי                   ,synonym of 562 ,562
97911,61,אשקלון              ,70,אשדוד               ,9975,רש"י                     ,synonym of 562 ,562
97912,61,אשקלון              ,70,אשדוד               ,9976,רשי                      ,synonym of 562 ,562
97913,61,אשקלון              ,70,אשדוד               ,563,הרב משאש יוסף            ,official       ,563
97914,61,אשקלון              ,70,אשדוד               ,9977,הרב יוסף משש             ,synonym of 563 ,563
97915,61,אשקלון              ,70,אשדוד               ,9978,משאש יוסף                ,synonym of 563 ,563
97916,61,אשקלון              ,70,אשדוד               ,9979,יוסף משאש                ,synonym of 563 ,563
97917,61,אשקלון              ,70,אשדוד               ,9980,משאש                     ,synonym of 563 ,563
97918,61,אשקלון              ,70,אשדוד               ,9981,הרב יוסף משאש            ,synonym of 563 ,563
97919,61,אשקלון              ,70,אשדוד               ,9982,הרב משאש                 ,synonym of 563 ,563
97920,61,אשקלון              ,70,אשדוד               ,564,הרב ריינס                ,official       ,564
97921,61,אשקלון              ,70,אשדוד               ,9983,ריינס                    ,synonym of 564 ,564
97922,61,אשקלון              ,70,אשדוד               ,565,רבנו וידל הצרפתי         ,official       ,565
97923,61,אשקלון              ,70,אשדוד               ,9984,רבנו וידל                ,synonym of 565 ,565
97924,61,אשקלון              ,70,אשדוד               ,9985,הרב וידל הצרפתי          ,synonym of 565 ,565
97925,61,אשקלון              ,70,אשדוד               ,9986,וידל הצרפתי              ,synonym of 565 ,565
97926,61,אשקלון              ,70,אשדוד               ,566,הרב קלישר                ,official       ,566
97927,61,אשקלון              ,70,אשדוד               ,9987,קלישר                    ,synonym of 566 ,566
97928,61,אשקלון              ,70,אשדוד               ,567,פינטו חיים               ,official       ,567
97929,61,אשקלון              ,70,אשדוד               ,9988,חיים פינטו               ,synonym of 567 ,567
97930,61,אשקלון              ,70,אשדוד               ,9989,פינטו                    ,synonym of 567 ,567
97931,61,אשקלון              ,70,אשדוד               ,568,אדוננו ברוך              ,official       ,568
97932,61,אשקלון              ,70,אשדוד               ,9990,הרב אדוננו ברוך          ,synonym of 568 ,568
97933,61,אשקלון              ,70,אשדוד               ,9991,אדננו ברוך               ,synonym of 568 ,568
97934,61,אשקלון              ,70,אשדוד               ,569,בן ברוך אורי             ,official       ,569
97935,61,אשקלון              ,70,אשדוד               ,9992,הרב בן ברוך              ,synonym of 569 ,569
97936,61,אשקלון              ,70,אשדוד               ,9993,אורי בן ברוך             ,synonym of 569 ,569
97937,61,אשקלון              ,70,אשדוד               ,9994,הרב אורי בן ברוך         ,synonym of 569 ,569
97938,61,אשקלון              ,70,אשדוד               ,9995,בן ברוך                  ,synonym of 569 ,569
97939,61,אשקלון              ,70,אשדוד               ,570,בן דיוואן עמרם           ,official       ,570
97940,61,אשקלון              ,70,אשדוד               ,9996,בן דיואן                 ,synonym of 570 ,570
97941,61,אשקלון              ,70,אשדוד               ,9997,עמרם בן דיואן            ,synonym of 570 ,570
97942,61,אשקלון              ,70,אשדוד               ,9998,בן דיואן עמרם            ,synonym of 570 ,570
97943,61,אשקלון              ,70,אשדוד               ,571,נס ציונה                 ,official       ,571
97944,61,אשקלון              ,70,אשדוד               ,572,גדרה                     ,official       ,572
97945,61,אשקלון              ,70,אשדוד               ,573,ביל"ו                    ,official       ,573
97946,61,אשקלון              ,70,אשדוד               ,9999,בילו                     ,synonym of 573 ,573
97947,61,אשקלון              ,70,אשדוד               ,574,חדרה                     ,official       ,574
97948,61,אשקלון              ,70,אשדוד               ,575,שדרות ראשון לציון        ,official       ,575
97949,61,אשקלון              ,70,אשדוד               ,10000,ראשון לציון              ,synonym of 575 ,575
97950,61,אשקלון              ,70,אשדוד               ,10001,שד ראשלצ                 ,synonym of 575 ,575
97951,61,אשקלון              ,70,אשדוד               ,10002,דרך ראשון לציון          ,synonym of 575 ,575
97952,61,אשקלון              ,70,אשדוד               ,10003,שד ראשון לציון           ,synonym of 575 ,575
97953,61,אשקלון              ,70,אשדוד               ,576,יסוד המעלה               ,official       ,576
97954,61,אשקלון              ,70,אשדוד               ,577,זכרון יעקב               ,official       ,577
97955,61,אשקלון              ,70,אשדוד               ,578,דגניה                    ,official       ,578
97956,61,אשקלון              ,70,אשדוד               ,579,מזכרת בתיה               ,official       ,579
97957,61,אשקלון              ,70,אשדוד               ,580,דרך בגין מנחם            ,official       ,580
97958,61,אשקלון              ,70,אשדוד               ,10004,דרך מנחם בגין            ,synonym of 580 ,580
97959,61,אשקלון              ,70,אשדוד               ,10005,מנחם בגין                ,synonym of 580 ,580
97960,61,אשקלון              ,70,אשדוד               ,10006,בגין מנחם                ,synonym of 580 ,580
97961,61,אשקלון              ,70,אשדוד               ,10007,שד מנחם בגין             ,synonym of 580 ,580
97962,61,אשקלון              ,70,אשדוד               ,581,נהלל                     ,official       ,581
97963,61,אשקלון              ,70,אשדוד               ,582,שפיה                     ,official       ,582
97964,61,אשקלון              ,70,אשדוד               ,583,ראש פינה                 ,official       ,583
97965,61,אשקלון              ,70,אשדוד               ,10008,ראש פנה                  ,synonym of 583 ,583
97966,61,אשקלון              ,70,אשדוד               ,584,פתח תקווה                ,official       ,584
97967,61,אשקלון              ,70,אשדוד               ,10009,פתח תקוה                 ,synonym of 584 ,584
97968,61,אשקלון              ,70,אשדוד               ,585,שדרות רחובות             ,official       ,585
97969,61,אשקלון              ,70,אשדוד               ,10010,שד רחובות                ,synonym of 585 ,585
97970,61,אשקלון              ,70,אשדוד               ,10011,דרך רחובות               ,synonym of 585 ,585
97971,61,אשקלון              ,70,אשדוד               ,10012,רחובות                   ,synonym of 585 ,585
97972,61,אשקלון              ,70,אשדוד               ,586,הרי"ם לוין               ,official       ,586
97973,61,אשקלון              ,70,אשדוד               ,10013,הרב לוין                 ,synonym of 586 ,586
97974,61,אשקלון              ,70,אשדוד               ,10014,לוין                     ,synonym of 586 ,586
97975,61,אשקלון              ,70,אשדוד               ,10015,הרים לוין                ,synonym of 586 ,586
97976,61,אשקלון              ,70,אשדוד               ,587,החולה                    ,official       ,587
97977,61,אשקלון              ,70,אשדוד               ,588,מטולה                    ,official       ,588
97978,61,אשקלון              ,70,אשדוד               ,10016,שד מטולה                 ,synonym of 588 ,588
97979,61,אשקלון              ,70,אשדוד               ,589,מקוה ישראל               ,official       ,589
97980,61,אשקלון              ,70,אשדוד               ,10017,מקווה ישראל              ,synonym of 589 ,589
97981,61,אשקלון              ,70,אשדוד               ,590,בבלי                     ,official       ,590
97982,61,אשקלון              ,70,אשדוד               ,591,צפת                      ,official       ,591
97983,61,אשקלון              ,70,אשדוד               ,592,גבעת עדה                 ,official       ,592
97984,61,אשקלון              ,70,אשדוד               ,593,יבנאל                    ,official       ,593
97985,61,אשקלון              ,70,אשדוד               ,594,אחוזת בית                ,official       ,594
97986,61,אשקלון              ,70,אשדוד               ,595,גיא אוני                 ,official       ,595
97987,61,אשקלון              ,70,אשדוד               ,596,משנה                     ,official       ,596
97988,61,אשקלון              ,70,אשדוד               ,10018,המשנה                    ,synonym of 596 ,596
97989,61,אשקלון              ,70,אשדוד               ,597,שד בן גוריון             ,official       ,597
97990,61,אשקלון              ,70,אשדוד               ,10019,בן גוריון                ,synonym of 597 ,597
97991,61,אשקלון              ,70,אשדוד               ,601,ארבע האמהות              ,official       ,601
97992,61,אשקלון              ,70,אשדוד               ,10020,ארבע אמהות               ,synonym of 601 ,601
97993,61,אשקלון              ,70,אשדוד               ,602,דבורה הנביאה             ,official       ,602
97994,61,אשקלון              ,70,אשדוד               ,603,אסתר המלכה               ,official       ,603
97995,61,אשקלון              ,70,אשדוד               ,604,שרה אמנו                 ,official       ,604
97996,61,אשקלון              ,70,אשדוד               ,605,שלומציון המלכה           ,official       ,605
97997,61,אשקלון              ,70,אשדוד               ,606,מרים הנביאה              ,official       ,606
97998,61,אשקלון              ,70,אשדוד               ,607,אהרונסון שרה             ,official       ,607
97999,61,אשקלון              ,70,אשדוד               ,10021,שרה אהרונסון             ,synonym of 607 ,607
98000,61,אשקלון              ,70,אשדוד               ,608,פרנק אנה                 ,official       ,608
98001,61,אשקלון              ,70,אשדוד               ,10022,אנה פרנק                 ,synonym of 608 ,608
98002,61,אשקלון              ,70,אשדוד               ,609,רחל ינאית                ,official       ,609
98003,61,אשקלון              ,70,אשדוד               ,610,שוחט מניה                ,official       ,610
98004,61,אשקלון              ,70,אשדוד               ,10023,מניה שוחט                ,synonym of 610 ,610
98005,61,אשקלון              ,70,אשדוד               ,611,גולדברג לאה              ,official       ,611
98006,61,אשקלון              ,70,אשדוד               ,10024,לאה גולדברג              ,synonym of 611 ,611
98007,61,אשקלון              ,70,אשדוד               ,10025,גולדברג                  ,synonym of 611 ,611
98008,61,אשקלון              ,70,אשדוד               ,612,ברוריה                   ,official       ,612
98009,61,אשקלון              ,70,אשדוד               ,613,מלכת שבא                 ,official       ,613
98010,61,אשקלון              ,70,אשדוד               ,614,רחל אמנו                 ,official       ,614
98011,61,אשקלון              ,70,אשדוד               ,615,רות המואביה              ,official       ,615
98012,61,אשקלון              ,70,אשדוד               ,10026,רות                      ,synonym of 615 ,615
98013,61,אשקלון              ,70,אשדוד               ,616,נעמי                     ,official       ,616
98014,61,אשקלון              ,70,אשדוד               ,617,יעל                      ,official       ,617
98015,61,אשקלון              ,70,אשדוד               ,618,חולדה הנביאה             ,official       ,618
98016,61,אשקלון              ,70,אשדוד               ,10027,חולדה                    ,synonym of 618 ,618
98017,61,אשקלון              ,70,אשדוד               ,619,אידלסון בבה              ,official       ,619
98018,61,אשקלון              ,70,אשדוד               ,10028,בבה אידלסון              ,synonym of 619 ,619
98019,61,אשקלון              ,70,אשדוד               ,10029,אידלסון                  ,synonym of 619 ,619
98020,61,אשקלון              ,70,אשדוד               ,620,יוהנה זבוטינסקי          ,official       ,620
98021,61,אשקלון              ,70,אשדוד               ,10030,זבוטינסקי יוהנה          ,synonym of 620 ,620
98022,61,אשקלון              ,70,אשדוד               ,621,בגין עליזה               ,official       ,621
98023,61,אשקלון              ,70,אשדוד               ,10031,בגין                     ,synonym of 621 ,621
98024,61,אשקלון              ,70,אשדוד               ,10032,עליזה בגין               ,synonym of 621 ,621
98025,61,אשקלון              ,70,אשדוד               ,622,רבין יצחק                ,official       ,622
98026,61,אשקלון              ,70,אשדוד               ,10033,יצחק רבין                ,synonym of 622 ,622
98027,61,אשקלון              ,70,אשדוד               ,10034,שד יצחק רבין             ,synonym of 622 ,622
98028,61,אשקלון              ,70,אשדוד               ,10035,שד רבין                  ,synonym of 622 ,622
98029,61,אשקלון              ,70,אשדוד               ,623,רובינא חנה               ,official       ,623
98030,61,אשקלון              ,70,אשדוד               ,10036,חנה רובינא               ,synonym of 623 ,623
98031,61,אשקלון              ,70,אשדוד               ,10037,רובינא                   ,synonym of 623 ,623
98032,61,אשקלון              ,70,אשדוד               ,651,סאלק יונה                ,official       ,651
98033,61,אשקלון              ,70,אשדוד               ,10038,סאלק                     ,synonym of 651 ,651
98034,61,אשקלון              ,70,אשדוד               ,10039,יונה סאלק                ,synonym of 651 ,651
98035,61,אשקלון              ,70,אשדוד               ,652,רוסולד                   ,official       ,652
98036,61,אשקלון              ,70,אשדוד               ,10040,רוסוולד                  ,synonym of 652 ,652
98037,61,אשקלון              ,70,אשדוד               ,653,מיסטרל                   ,official       ,653
98038,61,אשקלון              ,70,אשדוד               ,654,אדיסון                   ,official       ,654
98039,61,אשקלון              ,70,אשדוד               ,655,שילר                     ,official       ,655
98040,61,אשקלון              ,70,אשדוד               ,656,גוגול                    ,official       ,656
98041,61,אשקלון              ,70,אשדוד               ,657,קמי אלברט                ,official       ,657
98042,61,אשקלון              ,70,אשדוד               ,10041,אלבר קמי                 ,synonym of 657 ,657
98043,61,אשקלון              ,70,אשדוד               ,10042,קמי                      ,synonym of 657 ,657
98044,61,אשקלון              ,70,אשדוד               ,658,טולסטוי                  ,official       ,658
98045,61,אשקלון              ,70,אשדוד               ,659,גטה                      ,official       ,659
98046,61,אשקלון              ,70,אשדוד               ,10043,גיתה                     ,synonym of 659 ,659
98047,61,אשקלון              ,70,אשדוד               ,10044,גתה                      ,synonym of 659 ,659
98048,61,אשקלון              ,70,אשדוד               ,660,בורחס חורחה              ,official       ,660
98049,61,אשקלון              ,70,אשדוד               ,10045,בורחס                    ,synonym of 660 ,660
98050,61,אשקלון              ,70,אשדוד               ,10046,בורחס חורחה לואיס        ,synonym of 660 ,660
98051,61,אשקלון              ,70,אשדוד               ,661,איינשטיין                ,official       ,661
98052,61,אשקלון              ,70,אשדוד               ,10047,אינשטיין                 ,synonym of 661 ,661
98053,61,אשקלון              ,70,אשדוד               ,10048,אייזנשטיין               ,synonym of 661 ,661
98054,61,אשקלון              ,70,אשדוד               ,662,פסטר לואי                ,official       ,662
98055,61,אשקלון              ,70,אשדוד               ,10049,לואי פסטר                ,synonym of 662 ,662
98056,61,אשקלון              ,70,אשדוד               ,10050,פסטר                     ,synonym of 662 ,662
98057,61,אשקלון              ,70,אשדוד               ,663,רנטגן                    ,official       ,663
98058,61,אשקלון              ,70,אשדוד               ,664,זולה אמיל                ,official       ,664
98059,61,אשקלון              ,70,אשדוד               ,10051,זולא                     ,synonym of 664 ,664
98060,61,אשקלון              ,70,אשדוד               ,10052,אמיל זולא                ,synonym of 664 ,664
98061,61,אשקלון              ,70,אשדוד               ,10053,אמיל זולה                ,synonym of 664 ,664
98062,61,אשקלון              ,70,אשדוד               ,665,חסידי אומות העולם        ,official       ,665
98063,61,אשקלון              ,70,אשדוד               ,666,ברהמס                    ,official       ,666
98064,61,אשקלון              ,70,אשדוד               ,667,רמברנדט                  ,official       ,667
98065,61,אשקלון              ,70,אשדוד               ,668,דה וינצ'י                ,official       ,668
98066,61,אשקלון              ,70,אשדוד               ,10054,דה וינצי                 ,synonym of 668 ,668
98067,61,אשקלון              ,70,אשדוד               ,669,בטהובן                   ,official       ,669
98068,61,אשקלון              ,70,אשדוד               ,670,היידן                    ,official       ,670
98069,61,אשקלון              ,70,אשדוד               ,671,ויקטור הוגו              ,official       ,671
98070,61,אשקלון              ,70,אשדוד               ,10055,הוגו                     ,synonym of 671 ,671
98071,61,אשקלון              ,70,אשדוד               ,672,מכאל אנג'לו              ,official       ,672
98072,61,אשקלון              ,70,אשדוד               ,10056,מיכאל אנג'לו             ,synonym of 672 ,672
98073,61,אשקלון              ,70,אשדוד               ,10057,מיכאל אנגלו              ,synonym of 672 ,672
98074,61,אשקלון              ,70,אשדוד               ,10058,מיכלאנג'לו               ,synonym of 672 ,672
98075,61,אשקלון              ,70,אשדוד               ,673,ואן גוך                  ,official       ,673
98076,61,אשקלון              ,70,אשדוד               ,674,קורצ'ק יאנוש             ,official       ,674
98077,61,אשקלון              ,70,אשדוד               ,10059,ינוש קורצ'ק              ,synonym of 674 ,674
98078,61,אשקלון              ,70,אשדוד               ,10060,קורצק ינוש               ,synonym of 674 ,674
98079,61,אשקלון              ,70,אשדוד               ,10061,יאנוש קורצק              ,synonym of 674 ,674
98080,61,אשקלון              ,70,אשדוד               ,10062,קורצ'ק                   ,synonym of 674 ,674
98081,61,אשקלון              ,70,אשדוד               ,10063,קורצק                    ,synonym of 674 ,674
98082,61,אשקלון              ,70,אשדוד               ,10064,יאנוש קורצ'אק            ,synonym of 674 ,674
98083,61,אשקלון              ,70,אשדוד               ,675,אנילביץ מרדכי            ,official       ,675
98084,61,אשקלון              ,70,אשדוד               ,10065,מרדכי אנילביץ            ,synonym of 675 ,675
98085,61,אשקלון              ,70,אשדוד               ,10066,אנילביץ                  ,synonym of 675 ,675
98086,61,אשקלון              ,70,אשדוד               ,676,שאגל מארק                ,official       ,676
98087,61,אשקלון              ,70,אשדוד               ,10067,מרק שאגל                 ,synonym of 676 ,676
98088,61,אשקלון              ,70,אשדוד               ,10068,מארק שאגל                ,synonym of 676 ,676
98089,61,אשקלון              ,70,אשדוד               ,10069,מרק שגאל                 ,synonym of 676 ,676
98090,61,אשקלון              ,70,אשדוד               ,10070,שאגל                     ,synonym of 676 ,676
98091,61,אשקלון              ,70,אשדוד               ,10071,שאגל מרק                 ,synonym of 676 ,676
98092,61,אשקלון              ,70,אשדוד               ,677,שד מונטיפיורי            ,official       ,677
98093,61,אשקלון              ,70,אשדוד               ,10072,מונטיפיורי               ,synonym of 677 ,677
98094,61,אשקלון              ,70,אשדוד               ,678,שד תל חי                 ,official       ,678
98095,61,אשקלון              ,70,אשדוד               ,10073,תל חי                    ,synonym of 678 ,678
98096,61,אשקלון              ,70,אשדוד               ,679,שד רוטשילד               ,official       ,679
98097,61,אשקלון              ,70,אשדוד               ,10074,רוטשילד                  ,synonym of 679 ,679
98098,61,אשקלון              ,70,אשדוד               ,680,שד גורדון                ,official       ,680
98099,61,אשקלון              ,70,אשדוד               ,10075,גורדון                   ,synonym of 680 ,680
98100,61,אשקלון              ,70,אשדוד               ,681,סירקין נחמן              ,official       ,681
98101,61,אשקלון              ,70,אשדוד               ,10076,סירקין                   ,synonym of 681 ,681
98102,61,אשקלון              ,70,אשדוד               ,10077,נחמן סירקין              ,synonym of 681 ,681
98103,61,אשקלון              ,70,אשדוד               ,682,אוסישקין מנחם            ,official       ,682
98104,61,אשקלון              ,70,אשדוד               ,10078,אוסישקין                 ,synonym of 682 ,682
98105,61,אשקלון              ,70,אשדוד               ,10079,מנחם אוסישקין            ,synonym of 682 ,682
98106,61,אשקלון              ,70,אשדוד               ,683,אחימאיר אבא              ,official       ,683
98107,61,אשקלון              ,70,אשדוד               ,10080,אחימאיר                  ,synonym of 683 ,683
98108,61,אשקלון              ,70,אשדוד               ,10081,אבא אחימאיר              ,synonym of 683 ,683
98109,61,אשקלון              ,70,אשדוד               ,684,וולפסון דוד              ,official       ,684
98110,61,אשקלון              ,70,אשדוד               ,10082,וולפסון                  ,synonym of 684 ,684
98111,61,אשקלון              ,70,אשדוד               ,10083,ולפסון                   ,synonym of 684 ,684
98112,61,אשקלון              ,70,אשדוד               ,10084,דוד וולפסון              ,synonym of 684 ,684
98113,61,אשקלון              ,70,אשדוד               ,685,יואל משה סלומון          ,official       ,685
98114,61,אשקלון              ,70,אשדוד               ,10085,סלומון                   ,synonym of 685 ,685
98115,61,אשקלון              ,70,אשדוד               ,686,רופין ארתור              ,official       ,686
98116,61,אשקלון              ,70,אשדוד               ,10086,רופין                    ,synonym of 686 ,686
98117,61,אשקלון              ,70,אשדוד               ,10087,ארתור רופין              ,synonym of 686 ,686
98118,61,אשקלון              ,70,אשדוד               ,687,אטלי                     ,official       ,687
98119,61,אשקלון              ,70,אשדוד               ,688,זלמן דוד לבונטין         ,official       ,688
98120,61,אשקלון              ,70,אשדוד               ,10088,לבונטין                  ,synonym of 688 ,688
98121,61,אשקלון              ,70,אשדוד               ,689,זנגביל                   ,official       ,689
98122,61,אשקלון              ,70,אשדוד               ,690,יום טוב צמח              ,official       ,690
98123,61,אשקלון              ,70,אשדוד               ,691,פיינברג יוסף             ,official       ,691
98124,61,אשקלון              ,70,אשדוד               ,10089,פיינברג                  ,synonym of 691 ,691
98125,61,אשקלון              ,70,אשדוד               ,10090,יוסף פיינברג             ,synonym of 691 ,691
98126,61,אשקלון              ,70,אשדוד               ,692,חזנוב עמרם               ,official       ,692
98127,61,אשקלון              ,70,אשדוד               ,10091,חזנוב                    ,synonym of 692 ,692
98128,61,אשקלון              ,70,אשדוד               ,10092,עמרם חזנוב               ,synonym of 692 ,692
98129,61,אשקלון              ,70,אשדוד               ,693,חנקין יהושע              ,official       ,693
98130,61,אשקלון              ,70,אשדוד               ,10093,יהושע חנקין              ,synonym of 693 ,693
98131,61,אשקלון              ,70,אשדוד               ,10094,חנקין                    ,synonym of 693 ,693
98132,61,אשקלון              ,70,אשדוד               ,694,גלעדי ישראל              ,official       ,694
98133,61,אשקלון              ,70,אשדוד               ,10095,גלעדי                    ,synonym of 694 ,694
98134,61,אשקלון              ,70,אשדוד               ,10096,ישראל גלעדי              ,synonym of 694 ,694
98135,61,אשקלון              ,70,אשדוד               ,695,ויתקין יוסף              ,official       ,695
98136,61,אשקלון              ,70,אשדוד               ,10097,ויתקין                   ,synonym of 695 ,695
98137,61,אשקלון              ,70,אשדוד               ,10098,יוסף ויתקין              ,synonym of 695 ,695
98138,61,אשקלון              ,70,אשדוד               ,696,זייד אלכסנדר             ,official       ,696
98139,61,אשקלון              ,70,אשדוד               ,10099,זייד                     ,synonym of 696 ,696
98140,61,אשקלון              ,70,אשדוד               ,10100,אלכסנדר זייד             ,synonym of 696 ,696
98141,61,אשקלון              ,70,אשדוד               ,697,גור מרדכי                ,official       ,697
98142,61,אשקלון              ,70,אשדוד               ,10101,מוטה גור                 ,synonym of 697 ,697
98143,61,אשקלון              ,70,אשדוד               ,10102,מרדכי גור                ,synonym of 697 ,697
98144,61,אשקלון              ,70,אשדוד               ,10103,מרדכי )מוטה( גור         ,synonym of 697 ,697
98145,61,אשקלון              ,70,אשדוד               ,698,שדרות הים התיכון         ,official       ,698
98146,61,אשקלון              ,70,אשדוד               ,10104,יחזקאל הלוי              ,synonym of 698 ,698
98147,61,אשקלון              ,70,אשדוד               ,10105,הלוי                     ,synonym of 698 ,698
98148,61,אשקלון              ,70,אשדוד               ,10106,הלוי יחזקאל              ,synonym of 698 ,698
98149,61,אשקלון              ,70,אשדוד               ,10107,הים התיכון               ,synonym of 698 ,698
98150,61,אשקלון              ,70,אשדוד               ,699,מעגל השמחה               ,official       ,699
98151,61,אשקלון              ,70,אשדוד               ,700,דבורה עומר               ,official       ,700
98152,61,אשקלון              ,70,אשדוד               ,10108,עומר דבורה               ,synonym of 700 ,700
98153,61,אשקלון              ,70,אשדוד               ,701,שד המיסדים               ,official       ,701
98154,61,אשקלון              ,70,אשדוד               ,10109,המייסדים                 ,synonym of 701 ,701
98155,61,אשקלון              ,70,אשדוד               ,10110,המיסדים                  ,synonym of 701 ,701
98156,61,אשקלון              ,70,אשדוד               ,702,קק"ל                     ,official       ,702
98157,61,אשקלון              ,70,אשדוד               ,10111,קקל                      ,synonym of 702 ,702
98158,61,אשקלון              ,70,אשדוד               ,10112,קרן קימת                 ,synonym of 702 ,702
98159,61,אשקלון              ,70,אשדוד               ,10113,קרן קימת לישראל          ,synonym of 702 ,702
98160,61,אשקלון              ,70,אשדוד               ,10114,שד קקל                   ,synonym of 702 ,702
98161,61,אשקלון              ,70,אשדוד               ,703,הנביא דניאל              ,official       ,703
98162,61,אשקלון              ,70,אשדוד               ,10115,דניאל                    ,synonym of 703 ,703
98163,61,אשקלון              ,70,אשדוד               ,704,הנביאים                  ,official       ,704
98164,61,אשקלון              ,70,אשדוד               ,705,הנביא שמואל              ,official       ,705
98165,61,אשקלון              ,70,אשדוד               ,10116,שמואל הנביא              ,synonym of 705 ,705
98166,61,אשקלון              ,70,אשדוד               ,10117,שמואל                    ,synonym of 705 ,705
98167,61,אשקלון              ,70,אשדוד               ,706,הנביא זכריה              ,official       ,706
98168,61,אשקלון              ,70,אשדוד               ,10118,זכריה                    ,synonym of 706 ,706
98169,61,אשקלון              ,70,אשדוד               ,10119,זכריה הנביא              ,synonym of 706 ,706
98170,61,אשקלון              ,70,אשדוד               ,707,הנביא אלישע              ,official       ,707
98171,61,אשקלון              ,70,אשדוד               ,10120,אלישע                    ,synonym of 707 ,707
98172,61,אשקלון              ,70,אשדוד               ,10121,אלישע הנביא              ,synonym of 707 ,707
98173,61,אשקלון              ,70,אשדוד               ,708,הנביא יואל               ,official       ,708
98174,61,אשקלון              ,70,אשדוד               ,10122,יואל הנביא               ,synonym of 708 ,708
98175,61,אשקלון              ,70,אשדוד               ,10123,יואל                     ,synonym of 708 ,708
98176,61,אשקלון              ,70,אשדוד               ,709,הנביא נחמיה              ,official       ,709
98177,61,אשקלון              ,70,אשדוד               ,10124,נחמיה                    ,synonym of 709 ,709
98178,61,אשקלון              ,70,אשדוד               ,10125,נחמיה הנביא              ,synonym of 709 ,709
98179,61,אשקלון              ,70,אשדוד               ,710,לוי שלמה                 ,official       ,710
98180,61,אשקלון              ,70,אשדוד               ,10126,לוי                      ,synonym of 710 ,710
98181,61,אשקלון              ,70,אשדוד               ,10127,שלמה לוי                 ,synonym of 710 ,710
98182,61,אשקלון              ,70,אשדוד               ,711,הנביא מלאכי              ,official       ,711
98183,61,אשקלון              ,70,אשדוד               ,10128,מלאכי                    ,synonym of 711 ,711
98184,61,אשקלון              ,70,אשדוד               ,10129,מלאכי הנביא              ,synonym of 711 ,711
98185,61,אשקלון              ,70,אשדוד               ,712,הנביא הושע               ,official       ,712
98186,61,אשקלון              ,70,אשדוד               ,10130,הושע                     ,synonym of 712 ,712
98187,61,אשקלון              ,70,אשדוד               ,10131,הושע הנביא               ,synonym of 712 ,712
98188,61,אשקלון              ,70,אשדוד               ,713,הנביא נתן                ,official       ,713
98189,61,אשקלון              ,70,אשדוד               ,10132,נתן הנביא                ,synonym of 713 ,713
98190,61,אשקלון              ,70,אשדוד               ,10133,נתן                      ,synonym of 713 ,713
98191,61,אשקלון              ,70,אשדוד               ,714,הנביא אליהו              ,official       ,714
98192,61,אשקלון              ,70,אשדוד               ,10134,אליהו                    ,synonym of 714 ,714
98193,61,אשקלון              ,70,אשדוד               ,10135,אליהו הנביא              ,synonym of 714 ,714
98194,61,אשקלון              ,70,אשדוד               ,715,פורצי הדרך               ,official       ,715
98195,61,אשקלון              ,70,אשדוד               ,716,הנביא גד                 ,official       ,716
98196,61,אשקלון              ,70,אשדוד               ,10136,גד                       ,synonym of 716 ,716
98197,61,אשקלון              ,70,אשדוד               ,717,הנביא ישעיהו             ,official       ,717
98198,61,אשקלון              ,70,אשדוד               ,10137,ישעיהו הנביא             ,synonym of 717 ,717
98199,61,אשקלון              ,70,אשדוד               ,10138,ישעיהו                   ,synonym of 717 ,717
98200,61,אשקלון              ,70,אשדוד               ,718,הנביא ירמיהו             ,official       ,718
98201,61,אשקלון              ,70,אשדוד               ,10139,ירמיהו הנביא             ,synonym of 718 ,718
98202,61,אשקלון              ,70,אשדוד               ,10140,ירמיהו                   ,synonym of 718 ,718
98203,61,אשקלון              ,70,אשדוד               ,719,הנביא יחזקאל             ,official       ,719
98204,61,אשקלון              ,70,אשדוד               ,10141,יחזקאל                   ,synonym of 719 ,719
98205,61,אשקלון              ,70,אשדוד               ,720,ורדימון יצחק             ,official       ,720
98206,61,אשקלון              ,70,אשדוד               ,10142,יצחק ורדימון             ,synonym of 720 ,720
98207,61,אשקלון              ,70,אשדוד               ,10143,ורדימון                  ,synonym of 720 ,720
98208,61,אשקלון              ,70,אשדוד               ,721,הנביא מיכה               ,official       ,721
98209,61,אשקלון              ,70,אשדוד               ,10144,מיכה                     ,synonym of 721 ,721
98210,61,אשקלון              ,70,אשדוד               ,722,הנביא חבקוק              ,official       ,722
98211,61,אשקלון              ,70,אשדוד               ,10145,חבקוק                    ,synonym of 722 ,722
98212,61,אשקלון              ,70,אשדוד               ,723,הנביא חגי                ,official       ,723
98213,61,אשקלון              ,70,אשדוד               ,10146,חגי                      ,synonym of 723 ,723
98214,61,אשקלון              ,70,אשדוד               ,724,הנביא צפניה              ,official       ,724
98215,61,אשקלון              ,70,אשדוד               ,10147,צפניה                    ,synonym of 724 ,724
98216,61,אשקלון              ,70,אשדוד               ,725,הנביא נחום               ,official       ,725
98217,61,אשקלון              ,70,אשדוד               ,10148,נחום                     ,synonym of 725 ,725
98218,61,אשקלון              ,70,אשדוד               ,726,הנביא עובדיה             ,official       ,726
98219,61,אשקלון              ,70,אשדוד               ,10149,עובדיה                   ,synonym of 726 ,726
98220,61,אשקלון              ,70,אשדוד               ,727,הנביא עמוס               ,official       ,727
98221,61,אשקלון              ,70,אשדוד               ,10150,עמוס                     ,synonym of 727 ,727
98222,61,אשקלון              ,70,אשדוד               ,728,סופר אברהם               ,official       ,728
98223,61,אשקלון              ,70,אשדוד               ,10151,אברהם סופר               ,synonym of 728 ,728
98224,61,אשקלון              ,70,אשדוד               ,10152,סופר                     ,synonym of 728 ,728
98225,61,אשקלון              ,70,אשדוד               ,729,עזרא הסופר               ,official       ,729
98226,61,אשקלון              ,70,אשדוד               ,10153,עזרה                     ,synonym of 729 ,729
98227,61,אשקלון              ,70,אשדוד               ,10154,עזרא                     ,synonym of 729 ,729
98228,61,אשקלון              ,70,אשדוד               ,10155,עזרא הנביא               ,synonym of 729 ,729
98229,61,אשקלון              ,70,אשדוד               ,10156,הנביא עזרא               ,synonym of 729 ,729
98230,61,אשקלון              ,70,אשדוד               ,730,יואב בן צרויה            ,official       ,730
98231,61,אשקלון              ,70,אשדוד               ,10157,איכה הנביא               ,synonym of 730 ,730
98232,61,אשקלון              ,70,אשדוד               ,10158,הנביא איכה               ,synonym of 730 ,730
98233,61,אשקלון              ,70,אשדוד               ,10159,איכה                     ,synonym of 730 ,730
98234,61,אשקלון              ,70,אשדוד               ,10160,בן צרויה                 ,synonym of 730 ,730
98235,61,אשקלון              ,70,אשדוד               ,731,העליה                    ,official       ,731
98236,61,אשקלון              ,70,אשדוד               ,732,יהושע בן נון             ,official       ,732
98237,61,אשקלון              ,70,אשדוד               ,10161,בן נון                   ,synonym of 732 ,732
98238,61,אשקלון              ,70,אשדוד               ,10162,בן נון יהושע             ,synonym of 732 ,732
98239,61,אשקלון              ,70,אשדוד               ,733,אבנר בן נר               ,official       ,733
98240,61,אשקלון              ,70,אשדוד               ,10163,בן נר                    ,synonym of 733 ,733
98241,61,אשקלון              ,70,אשדוד               ,10164,בן נר אבנר               ,synonym of 733 ,733
98242,61,אשקלון              ,70,אשדוד               ,734,מדרחוב הנביאים           ,official       ,734
98243,61,אשקלון              ,70,אשדוד               ,735,שמר                      ,official       ,735
98244,61,אשקלון              ,70,אשדוד               ,10165,נעמי שמר                 ,synonym of 735 ,735
98245,61,אשקלון              ,70,אשדוד               ,10166,שמר נעמי                 ,synonym of 735 ,735
98246,61,אשקלון              ,70,אשדוד               ,10167,נ.שמר                    ,synonym of 735 ,735
98247,61,אשקלון              ,70,אשדוד               ,10168,נ . שמר                  ,synonym of 735 ,735
98248,61,אשקלון              ,70,אשדוד               ,740,ספיר                     ,official       ,740
98249,61,אשקלון              ,70,אשדוד               ,741,שהם                      ,official       ,741
98250,61,אשקלון              ,70,אשדוד               ,10169,שוהם                     ,synonym of 741 ,741
98251,61,אשקלון              ,70,אשדוד               ,742,גביש                     ,official       ,742
98252,61,אשקלון              ,70,אשדוד               ,743,ירקן                     ,official       ,743
98253,61,אשקלון              ,70,אשדוד               ,744,אודם                     ,official       ,744
98254,61,אשקלון              ,70,אשדוד               ,745,ברקת                     ,official       ,745
98255,61,אשקלון              ,70,אשדוד               ,746,אבני החושן               ,official       ,746
98256,61,אשקלון              ,70,אשדוד               ,747,נופך                     ,official       ,747
98257,61,אשקלון              ,70,אשדוד               ,10170,נפך                      ,synonym of 747 ,747
98258,61,אשקלון              ,70,אשדוד               ,748,תרשיש                    ,official       ,748
98259,61,אשקלון              ,70,אשדוד               ,749,פנינה                    ,official       ,749
98260,61,אשקלון              ,70,אשדוד               ,750,שמעון בן שטח             ,official       ,750
98261,61,אשקלון              ,70,אשדוד               ,10171,בן שטח                   ,synonym of 750 ,750
98262,61,אשקלון              ,70,אשדוד               ,752,יוסי בר חלפתא            ,official       ,752
98263,61,אשקלון              ,70,אשדוד               ,10172,בר חלפתא                 ,synonym of 752 ,752
98264,61,אשקלון              ,70,אשדוד               ,10173,בן חלפתא                 ,synonym of 752 ,752
98265,61,אשקלון              ,70,אשדוד               ,10174,יוסי בן חלפתא            ,synonym of 752 ,752
98266,61,אשקלון              ,70,אשדוד               ,10175,יוסף בן חלפתא            ,synonym of 752 ,752
98267,61,אשקלון              ,70,אשדוד               ,10176,יוסף בר חלפתא            ,synonym of 752 ,752
98268,61,אשקלון              ,70,אשדוד               ,10177,רבי יוסף בר חלפתא        ,synonym of 752 ,752
98269,61,אשקלון              ,70,אשדוד               ,753,אליעזר בן הורקנוס        ,official       ,753
98270,61,אשקלון              ,70,אשדוד               ,10178,בן הורקנוס               ,synonym of 753 ,753
98271,61,אשקלון              ,70,אשדוד               ,10179,רבי אליעזר               ,synonym of 753 ,753
98272,61,אשקלון              ,70,אשדוד               ,754,עקביא בן מהללאל          ,official       ,754
98273,61,אשקלון              ,70,אשדוד               ,10180,עקיבא בן מהלל            ,synonym of 754 ,754
98274,61,אשקלון              ,70,אשדוד               ,10181,בן מהללאל                ,synonym of 754 ,754
98275,61,אשקלון              ,70,אשדוד               ,10182,עקביה בן מהללאל          ,synonym of 754 ,754
98276,61,אשקלון              ,70,אשדוד               ,755,חנינא בן דוסא            ,official       ,755
98277,61,אשקלון              ,70,אשדוד               ,10183,חנניה בן דוסא            ,synonym of 755 ,755
98278,61,אשקלון              ,70,אשדוד               ,10184,בן דוסא                  ,synonym of 755 ,755
98279,61,אשקלון              ,70,אשדוד               ,756,מבוא התנאים              ,official       ,756
98280,61,אשקלון              ,70,אשדוד               ,10185,התנאים                   ,synonym of 756 ,756
98281,61,אשקלון              ,70,אשדוד               ,757,מבוא האמוראים            ,official       ,757
98282,61,אשקלון              ,70,אשדוד               ,10186,האמוראים                 ,synonym of 757 ,757
98283,61,אשקלון              ,70,אשדוד               ,758,יוחנן בן זכאי            ,official       ,758
98284,61,אשקלון              ,70,אשדוד               ,10187,בן זכאי                  ,synonym of 758 ,758
98285,61,אשקלון              ,70,אשדוד               ,759,רשב"י                    ,official       ,759
98286,61,אשקלון              ,70,אשדוד               ,10188,בר יוחאי                 ,synonym of 759 ,759
98287,61,אשקלון              ,70,אשדוד               ,10189,שמעון בר יוחאי           ,synonym of 759 ,759
98288,61,אשקלון              ,70,אשדוד               ,760,מאיר בעל הנס             ,official       ,760
98289,61,אשקלון              ,70,אשדוד               ,10190,בעל הנס                  ,synonym of 760 ,760
98290,61,אשקלון              ,70,אשדוד               ,10191,רבי מאיר בעל הנס         ,synonym of 760 ,760
98291,61,אשקלון              ,70,אשדוד               ,761,רבי טרפון                ,official       ,761
98292,61,אשקלון              ,70,אשדוד               ,10192,טרפון                    ,synonym of 761 ,761
98293,61,אשקלון              ,70,אשדוד               ,762,רבי יהודה הנשיא          ,official       ,762
98294,61,אשקלון              ,70,אשדוד               ,10193,יהודה הנשיא              ,synonym of 762 ,762
98295,61,אשקלון              ,70,אשדוד               ,763,הלל                      ,official       ,763
98296,61,אשקלון              ,70,אשדוד               ,10194,הילל                     ,synonym of 763 ,763
98297,61,אשקלון              ,70,אשדוד               ,764,שמעיה                    ,official       ,764
98298,61,אשקלון              ,70,אשדוד               ,765,אבטליון                  ,official       ,765
98299,61,אשקלון              ,70,אשדוד               ,766,שמאי                     ,official       ,766
98302,61,אשקלון              ,70,אשדוד               ,769,רבא                      ,official       ,769
98303,61,אשקלון              ,70,אשדוד               ,770,רב אשי                   ,official       ,770
98304,61,אשקלון              ,70,אשדוד               ,10195,אשי                      ,synonym of 770 ,770
98305,61,אשקלון              ,70,אשדוד               ,771,רב חיסדא                 ,official       ,771
98306,61,אשקלון              ,70,אשדוד               ,10196,חיסדא                    ,synonym of 771 ,771
98307,61,אשקלון              ,70,אשדוד               ,10197,חסדא                     ,synonym of 771 ,771
98308,61,אשקלון              ,70,אשדוד               ,10198,רב חסדא                  ,synonym of 771 ,771
98309,61,אשקלון              ,70,אשדוד               ,772,רב ינאי                  ,official       ,772
98310,61,אשקלון              ,70,אשדוד               ,10199,ינאי                     ,synonym of 772 ,772
98311,61,אשקלון              ,70,אשדוד               ,780,פטדה                     ,official       ,780
98312,61,אשקלון              ,70,אשדוד               ,781,לשם                      ,official       ,781
98313,61,אשקלון              ,70,אשדוד               ,782,אחלמה                    ,official       ,782
98314,61,אשקלון              ,70,אשדוד               ,783,אגת-שבו                  ,official       ,783
98315,61,אשקלון              ,70,אשדוד               ,10200,שבו                      ,synonym of 783 ,783
98316,61,אשקלון              ,70,אשדוד               ,10201,אגת                      ,synonym of 783 ,783
98317,61,אשקלון              ,70,אשדוד               ,10202,אגת שבו                  ,synonym of 783 ,783
98318,61,אשקלון              ,70,אשדוד               ,10203,שבו אגת                  ,synonym of 783 ,783
98319,61,אשקלון              ,70,אשדוד               ,10204,שבו-אגת                  ,synonym of 783 ,783
98320,61,אשקלון              ,70,אשדוד               ,784,אמרלד                    ,official       ,784
98321,61,אשקלון              ,70,אשדוד               ,785,אופל                     ,official       ,785
98322,61,אשקלון              ,70,אשדוד               ,786,עינבר                    ,official       ,786
98323,61,אשקלון              ,70,אשדוד               ,10205,ענבר                     ,synonym of 786 ,786
98324,61,אשקלון              ,70,אשדוד               ,787,קורל                     ,official       ,787
98325,61,אשקלון              ,70,אשדוד               ,788,ישפה                     ,official       ,788
98326,61,אשקלון              ,70,אשדוד               ,789,סיטרין                   ,official       ,789
98327,61,אשקלון              ,70,אשדוד               ,801,המלך דוד                 ,official       ,801
98328,61,אשקלון              ,70,אשדוד               ,10206,דוד המלך                 ,synonym of 801 ,801
98329,61,אשקלון              ,70,אשדוד               ,802,המלך שלמה                ,official       ,802
98330,61,אשקלון              ,70,אשדוד               ,10207,שלמה המלך                ,synonym of 802 ,802
98331,61,אשקלון              ,70,אשדוד               ,803,המלך עזריה               ,official       ,803
98332,61,אשקלון              ,70,אשדוד               ,10208,עזריה                    ,synonym of 803 ,803
98333,61,אשקלון              ,70,אשדוד               ,804,המלך חזקיה               ,official       ,804
98334,61,אשקלון              ,70,אשדוד               ,10209,המלך חזקיהו              ,synonym of 804 ,804
98335,61,אשקלון              ,70,אשדוד               ,10210,חזקיה                    ,synonym of 804 ,804
98336,61,אשקלון              ,70,אשדוד               ,10211,חזקיהו                   ,synonym of 804 ,804
98337,61,אשקלון              ,70,אשדוד               ,10212,חזקיהו המלך              ,synonym of 804 ,804
98338,61,אשקלון              ,70,אשדוד               ,805,המלך אליקים              ,official       ,805
98339,61,אשקלון              ,70,אשדוד               ,10213,אליקם                    ,synonym of 805 ,805
98340,61,אשקלון              ,70,אשדוד               ,10214,יהויקים                  ,synonym of 805 ,805
98341,61,אשקלון              ,70,אשדוד               ,10215,אליקים                   ,synonym of 805 ,805
98342,61,אשקלון              ,70,אשדוד               ,10216,המלך יהויקים             ,synonym of 805 ,805
98343,61,אשקלון              ,70,אשדוד               ,10217,אליקים המלך              ,synonym of 805 ,805
98344,61,אשקלון              ,70,אשדוד               ,806,המלך אסא                 ,official       ,806
98345,61,אשקלון              ,70,אשדוד               ,10218,אסא                      ,synonym of 806 ,806
98346,61,אשקלון              ,70,אשדוד               ,10219,אסא המלך                 ,synonym of 806 ,806
98347,61,אשקלון              ,70,אשדוד               ,807,המלך יהושפט              ,official       ,807
98348,61,אשקלון              ,70,אשדוד               ,10220,יהושפט                   ,synonym of 807 ,807
98349,61,אשקלון              ,70,אשדוד               ,10221,יהושפט המלך              ,synonym of 807 ,807
98350,61,אשקלון              ,70,אשדוד               ,808,המלך יהוא                ,official       ,808
98351,61,אשקלון              ,70,אשדוד               ,10222,יהוא                     ,synonym of 808 ,808
98352,61,אשקלון              ,70,אשדוד               ,10223,סמ יהוא                  ,synonym of 808 ,808
98353,61,אשקלון              ,70,אשדוד               ,10224,סמ המלך יהוא             ,synonym of 808 ,808
98354,61,אשקלון              ,70,אשדוד               ,10225,יהוא המלך                ,synonym of 808 ,808
98355,61,אשקלון              ,70,אשדוד               ,809,סמ יהואש                 ,official       ,809
98356,61,אשקלון              ,70,אשדוד               ,10226,יהואש                    ,synonym of 809 ,809
98357,61,אשקלון              ,70,אשדוד               ,10227,יואש                     ,synonym of 809 ,809
98358,61,אשקלון              ,70,אשדוד               ,10228,המלך יהואש               ,synonym of 809 ,809
98359,61,אשקלון              ,70,אשדוד               ,10229,מבוא יהואש               ,synonym of 809 ,809
98360,61,אשקלון              ,70,אשדוד               ,10230,המלך יואש                ,synonym of 809 ,809
98361,61,אשקלון              ,70,אשדוד               ,810,המלך אמציה               ,official       ,810
98362,61,אשקלון              ,70,אשדוד               ,10231,אמציה                    ,synonym of 810 ,810
98363,61,אשקלון              ,70,אשדוד               ,10232,אמציה המלך               ,synonym of 810 ,810
98364,61,אשקלון              ,70,אשדוד               ,811,המלך עמרי                ,official       ,811
98365,61,אשקלון              ,70,אשדוד               ,10233,עמרי המלך                ,synonym of 811 ,811
98366,61,אשקלון              ,70,אשדוד               ,10234,עמרי                     ,synonym of 811 ,811
98367,61,אשקלון              ,70,אשדוד               ,10235,המלך עומרי               ,synonym of 811 ,811
98368,61,אשקלון              ,70,אשדוד               ,10236,סמ המלך עמרי             ,synonym of 811 ,811
98369,61,אשקלון              ,70,אשדוד               ,812,המלך רחבעם               ,official       ,812
98370,61,אשקלון              ,70,אשדוד               ,10237,רחבעם                    ,synonym of 812 ,812
98371,61,אשקלון              ,70,אשדוד               ,10238,רחבעם המלך               ,synonym of 812 ,812
98372,61,אשקלון              ,70,אשדוד               ,813,אוריה החיתי              ,official       ,813
98373,61,אשקלון              ,70,אשדוד               ,10239,החיתי                    ,synonym of 813 ,813
98374,61,אשקלון              ,70,אשדוד               ,10240,אוריה                    ,synonym of 813 ,813
98375,61,אשקלון              ,70,אשדוד               ,814,המלך יותם                ,official       ,814
98376,61,אשקלון              ,70,אשדוד               ,10241,יותם                     ,synonym of 814 ,814
98377,61,אשקלון              ,70,אשדוד               ,10242,יותם המלך                ,synonym of 814 ,814
98378,61,אשקלון              ,70,אשדוד               ,815,המלך ירבעם               ,official       ,815
98379,61,אשקלון              ,70,אשדוד               ,10243,ירבעם                    ,synonym of 815 ,815
98380,61,אשקלון              ,70,אשדוד               ,10244,ירבעם המלך               ,synonym of 815 ,815
98381,61,אשקלון              ,70,אשדוד               ,816,המלך יהויכין             ,official       ,816
98382,61,אשקלון              ,70,אשדוד               ,10245,יהויכין                  ,synonym of 816 ,816
98383,61,אשקלון              ,70,אשדוד               ,10246,יהויכין המלך             ,synonym of 816 ,816
98384,61,אשקלון              ,70,אשדוד               ,817,המלך שאול                ,official       ,817
98385,61,אשקלון              ,70,אשדוד               ,10247,שאול המלך                ,synonym of 817 ,817
98386,61,אשקלון              ,70,אשדוד               ,10248,שאול                     ,synonym of 817 ,817
98387,61,אשקלון              ,70,אשדוד               ,818,ברק בן אבינועם           ,official       ,818
98388,61,אשקלון              ,70,אשדוד               ,10249,בן אבינועם               ,synonym of 818 ,818
98389,61,אשקלון              ,70,אשדוד               ,819,המלך יהואחז              ,official       ,819
98390,61,אשקלון              ,70,אשדוד               ,10250,המלך יהוארז              ,synonym of 819 ,819
98391,61,אשקלון              ,70,אשדוד               ,10251,המלך יהורז               ,synonym of 819 ,819
98392,61,אשקלון              ,70,אשדוד               ,10252,יהואחז                   ,synonym of 819 ,819
98393,61,אשקלון              ,70,אשדוד               ,10253,יהורז                    ,synonym of 819 ,819
98394,61,אשקלון              ,70,אשדוד               ,10254,יהורז המלך               ,synonym of 819 ,819
98395,61,אשקלון              ,70,אשדוד               ,10255,יהואחז המלך              ,synonym of 819 ,819
98396,61,אשקלון              ,70,אשדוד               ,820,המלך הדד                 ,official       ,820
98397,61,אשקלון              ,70,אשדוד               ,10256,הדד                      ,synonym of 820 ,820
98398,61,אשקלון              ,70,אשדוד               ,10257,הדד המלך                 ,synonym of 820 ,820
98399,61,אשקלון              ,70,אשדוד               ,821,המלך יובב                ,official       ,821
98400,61,אשקלון              ,70,אשדוד               ,10258,יובב המלך                ,synonym of 821 ,821
98401,61,אשקלון              ,70,אשדוד               ,10259,יובב                     ,synonym of 821 ,821
98402,61,אשקלון              ,70,אשדוד               ,822,הכתר                     ,official       ,822
98403,61,אשקלון              ,70,אשדוד               ,823,המלכים                   ,official       ,823
98404,61,אשקלון              ,70,אשדוד               ,824,הגלימה                   ,official       ,824
98405,61,אשקלון              ,70,אשדוד               ,845,תש"ח                     ,official       ,845
98406,61,אשקלון              ,70,אשדוד               ,10260,תשח                      ,synonym of 845 ,845
98407,61,אשקלון              ,70,אשדוד               ,850,ההגשמה                   ,official       ,850
98408,61,אשקלון              ,70,אשדוד               ,10261,הגשמה                    ,synonym of 850 ,850
98409,61,אשקלון              ,70,אשדוד               ,851,החלוצים                  ,official       ,851
98410,61,אשקלון              ,70,אשדוד               ,852,העצמאות                  ,official       ,852
98411,61,אשקלון              ,70,אשדוד               ,853,הקליטה                   ,official       ,853
98412,61,אשקלון              ,70,אשדוד               ,854,התקומה                   ,official       ,854
98413,61,אשקלון              ,70,אשדוד               ,855,התקוה                    ,official       ,855
98414,61,אשקלון              ,70,אשדוד               ,10262,התקווה                   ,synonym of 855 ,855
98444,61,אשקלון              ,70,אשדוד               ,876,מנגו                     ,official       ,876
98415,61,אשקלון              ,70,אשדוד               ,856,הציונות                  ,official       ,856
98416,61,אשקלון              ,70,אשדוד               ,10263,ציונות                   ,synonym of 856 ,856
98417,61,אשקלון              ,70,אשדוד               ,857,המרי                     ,official       ,857
98418,61,אשקלון              ,70,אשדוד               ,10264,מרי                      ,synonym of 857 ,857
98419,61,אשקלון              ,70,אשדוד               ,858,נצח ישראל                ,official       ,858
98420,61,אשקלון              ,70,אשדוד               ,859,כ"ט בנובמבר              ,official       ,859
98421,61,אשקלון              ,70,אשדוד               ,10265,כט בנובמבר               ,synonym of 859 ,859
98422,61,אשקלון              ,70,אשדוד               ,10266,כט' בנובמבר              ,synonym of 859 ,859
98423,61,אשקלון              ,70,אשדוד               ,860,המתנדבים                 ,official       ,860
98424,61,אשקלון              ,70,אשדוד               ,861,ה' באייר                 ,official       ,861
98425,61,אשקלון              ,70,אשדוד               ,10267,ה באייר                  ,synonym of 861 ,861
98426,61,אשקלון              ,70,אשדוד               ,10268,הא באייר                 ,synonym of 861 ,861
98427,61,אשקלון              ,70,אשדוד               ,10269,הא' באייר                ,synonym of 861 ,861
98428,61,אשקלון              ,70,אשדוד               ,862,המאבק                    ,official       ,862
98429,61,אשקלון              ,70,אשדוד               ,10270,מאבק                     ,synonym of 862 ,862
98430,61,אשקלון              ,70,אשדוד               ,863,מבוא הקריה               ,official       ,863
98431,61,אשקלון              ,70,אשדוד               ,864,צור הדסה                 ,official       ,864
98432,61,אשקלון              ,70,אשדוד               ,870,אפרסק                    ,official       ,870
98433,61,אשקלון              ,70,אשדוד               ,10271,האפרסק                   ,synonym of 870 ,870
98434,61,אשקלון              ,70,אשדוד               ,871,תפוח                     ,official       ,871
98435,61,אשקלון              ,70,אשדוד               ,10272,התפוח                    ,synonym of 871 ,871
98436,61,אשקלון              ,70,אשדוד               ,872,אגס                      ,official       ,872
98437,61,אשקלון              ,70,אשדוד               ,10273,האגס                     ,synonym of 872 ,872
98438,61,אשקלון              ,70,אשדוד               ,873,משמש                     ,official       ,873
98439,61,אשקלון              ,70,אשדוד               ,10274,המשמש                    ,synonym of 873 ,873
98440,61,אשקלון              ,70,אשדוד               ,10275,מישמש                    ,synonym of 873 ,873
98441,61,אשקלון              ,70,אשדוד               ,10276,המישמש                   ,synonym of 873 ,873
98442,61,אשקלון              ,70,אשדוד               ,874,אפרסמון                  ,official       ,874
98443,61,אשקלון              ,70,אשדוד               ,10277,האפרסמון                 ,synonym of 874 ,874
98445,61,אשקלון              ,70,אשדוד               ,10278,המנגו                    ,synonym of 876 ,876
98446,61,אשקלון              ,70,אשדוד               ,877,ענבים                    ,official       ,877
98447,61,אשקלון              ,70,אשדוד               ,10279,הענבים                   ,synonym of 877 ,877
98448,61,אשקלון              ,70,אשדוד               ,878,תפוז                     ,official       ,878
98449,61,אשקלון              ,70,אשדוד               ,10280,התפוז                    ,synonym of 878 ,878
98450,61,אשקלון              ,70,אשדוד               ,879,אשכולית                  ,official       ,879
98451,61,אשקלון              ,70,אשדוד               ,10281,האשכולית                 ,synonym of 879 ,879
98452,61,אשקלון              ,70,אשדוד               ,881,הרימון                   ,official       ,881
98453,61,אשקלון              ,70,אשדוד               ,10282,רימון                    ,synonym of 881 ,881
98454,61,אשקלון              ,70,אשדוד               ,10283,הרמון                    ,synonym of 881 ,881
98455,61,אשקלון              ,70,אשדוד               ,901,מבצע ברק                 ,official       ,901
98456,61,אשקלון              ,70,אשדוד               ,10284,ברק                      ,synonym of 901 ,901
98457,61,אשקלון              ,70,אשדוד               ,902,בז                       ,official       ,902
98458,61,אשקלון              ,70,אשדוד               ,6001,כהן אלי ככר              ,official       ,6001
98459,61,אשקלון              ,70,אשדוד               ,6003,ככר סיגל                 ,official       ,6003
98460,61,אשקלון              ,70,אשדוד               ,10285,סיגל                     ,synonym of 6003,6003
98461,61,אשקלון              ,70,אשדוד               ,10286,כיכר סיגל                ,synonym of 6003,6003
98462,61,אשקלון              ,70,אשדוד               ,6004,ככר שרת משה              ,official       ,6004
98463,61,אשקלון              ,70,אשדוד               ,10287,שרת משה ככר              ,synonym of 6004,6004
98464,61,אשקלון              ,70,אשדוד               ,6005,ככר המדינה               ,official       ,6005
98465,61,אשקלון              ,70,אשדוד               ,6006,ככר העונות               ,official       ,6006
98466,61,אשקלון              ,70,אשדוד               ,6007,ככר ציון                 ,official       ,6007
98467,61,אשקלון              ,70,אשדוד               ,6008,ככר 12 השבטים            ,official       ,6008
98468,61,אשקלון              ,70,אשדוד               ,6009,ככר אלתא                 ,official       ,6009
98469,61,אשקלון              ,70,אשדוד               ,6010,ככר קהילת סלוניקי        ,official       ,6010
98470,61,אשקלון              ,70,אשדוד               ,10288,יוצאי קהילת סלוניקי      ,synonym of 6010,6010
98471,61,אשקלון              ,70,אשדוד               ,10289,ככר המפרשיות             ,synonym of 6010,6010
98472,61,אשקלון              ,70,אשדוד               ,6011,ככר הבונים החופשיים      ,official       ,6011
98473,61,אשקלון              ,70,אשדוד               ,10290,הבונים החופשיים          ,synonym of 6011,6011
98474,61,אשקלון              ,70,אשדוד               ,6012,כיכר הדייגים             ,official       ,6012
98475,61,אשקלון              ,70,אשדוד               ,10291,הדייגים                  ,synonym of 6012,6012
98476,61,אשקלון              ,70,אשדוד               ,10292,הדייגים כיכר             ,synonym of 6012,6012
98477,61,אשקלון              ,70,אשדוד               ,10293,ככר הדייגים              ,synonym of 6012,6012
98478,61,אשקלון              ,70,אשדוד               ,6500,אזור יא                  ,official       ,6500
98479,61,אשקלון              ,70,אשדוד               ,10294,ש איזור יא               ,synonym of 6500,6500
98480,61,אשקלון              ,70,אשדוד               ,10295,ש אזור יא                ,synonym of 6500,6500
98481,61,אשקלון              ,70,אשדוד               ,10296,איזור יא                 ,synonym of 6500,6500
98482,61,אשקלון              ,70,אשדוד               ,10297,רובע יא                  ,synonym of 6500,6500
98483,61,אשקלון              ,70,אשדוד               ,6501,אזורים                   ,official       ,6501
98484,61,אשקלון              ,70,אשדוד               ,10298,ש אזורים                 ,synonym of 6501,6501
98485,61,אשקלון              ,70,אשדוד               ,6502,אסבסטונים                ,official       ,6502
98486,61,אשקלון              ,70,אשדוד               ,10299,ש צריפים חדשים           ,synonym of 6502,6502
98489,61,אשקלון              ,70,אשדוד               ,10302,ש צריפים                 ,synonym of 6502,6502
98490,61,אשקלון              ,70,אשדוד               ,10303,ש אסבסטון                ,synonym of 6502,6502
98491,61,אשקלון              ,70,אשדוד               ,6503,גבעת יונה                ,official       ,6503
98492,61,אשקלון              ,70,אשדוד               ,10304,גבעת הנמל                ,synonym of 6503,6503
98493,61,אשקלון              ,70,אשדוד               ,6505,נוה דניה                 ,official       ,6505
98494,61,אשקלון              ,70,אשדוד               ,6506,נוה יהונתן               ,official       ,6506
98495,61,אשקלון              ,70,אשדוד               ,10305,נוה יונתן                ,synonym of 6506,6506
98496,61,אשקלון              ,70,אשדוד               ,10306,יונתן                    ,synonym of 6506,6506
98497,61,אשקלון              ,70,אשדוד               ,6507,קרית פוניבש              ,official       ,6507
98498,61,אשקלון              ,70,אשדוד               ,10307,גרודנה ישיבה             ,synonym of 6507,6507
98499,61,אשקלון              ,70,אשדוד               ,10308,ישיבת גרודנא             ,synonym of 6507,6507
98500,61,אשקלון              ,70,אשדוד               ,10309,חסידי גור                ,synonym of 6507,6507
98501,61,אשקלון              ,70,אשדוד               ,10310,קרית פוניבז              ,synonym of 6507,6507
98502,61,אשקלון              ,70,אשדוד               ,10311,פוניבש                   ,synonym of 6507,6507
98503,61,אשקלון              ,70,אשדוד               ,10312,קרית פונוביז             ,synonym of 6507,6507
98504,61,אשקלון              ,70,אשדוד               ,10313,ש פיטסבורג               ,synonym of 6507,6507
98505,61,אשקלון              ,70,אשדוד               ,10314,ש פוניבש                 ,synonym of 6507,6507
98506,61,אשקלון              ,70,אשדוד               ,10315,ש פוניביש                ,synonym of 6507,6507
98507,61,אשקלון              ,70,אשדוד               ,10316,קרית פנוביץ              ,synonym of 6507,6507
98508,61,אשקלון              ,70,אשדוד               ,10317,ש פיטסברג                ,synonym of 6507,6507
98509,61,אשקלון              ,70,אשדוד               ,6508,רובע ה                   ,official       ,6508
98510,61,אשקלון              ,70,אשדוד               ,10318,ש רסקו ה                 ,synonym of 6508,6508
98511,61,אשקלון              ,70,אשדוד               ,10319,ש ה                      ,synonym of 6508,6508
98512,61,אשקלון              ,70,אשדוד               ,10320,בית המשטרה               ,synonym of 6508,6508
98513,61,אשקלון              ,70,אשדוד               ,10321,ש רסקו חדש               ,synonym of 6508,6508
98514,61,אשקלון              ,70,אשדוד               ,10322,אזור ה                   ,synonym of 6508,6508
98515,61,אשקלון              ,70,אשדוד               ,10323,ש איזור ה                ,synonym of 6508,6508
98516,61,אשקלון              ,70,אשדוד               ,10324,איזור ה                  ,synonym of 6508,6508
98517,61,אשקלון              ,70,אשדוד               ,10325,ש אזור ה                 ,synonym of 6508,6508
98518,61,אשקלון              ,70,אשדוד               ,6509,רובע ח                   ,official       ,6509
98519,61,אשקלון              ,70,אשדוד               ,10326,ש אזור ח                 ,synonym of 6509,6509
98520,61,אשקלון              ,70,אשדוד               ,10327,אזור ח                   ,synonym of 6509,6509
98521,61,אשקלון              ,70,אשדוד               ,6510,נאות ספיר                ,official       ,6510
98522,61,אשקלון              ,70,אשדוד               ,6511,ש אגש                    ,official       ,6511
98523,61,אשקלון              ,70,אשדוד               ,6512,ש אזור ד                 ,official       ,6512
98524,61,אשקלון              ,70,אשדוד               ,10328,רובע ד                   ,synonym of 6512,6512
98525,61,אשקלון              ,70,אשדוד               ,10329,ש רמט                    ,synonym of 6512,6512
98526,61,אשקלון              ,70,אשדוד               ,10330,אזור ד                   ,synonym of 6512,6512
98527,61,אשקלון              ,70,אשדוד               ,10331,איזור ד                  ,synonym of 6512,6512
98528,61,אשקלון              ,70,אשדוד               ,6514,ש אשטרום                 ,official       ,6514
98529,61,אשקלון              ,70,אשדוד               ,10332,ש דרומי                  ,synonym of 6514,6514
98543,61,אשקלון              ,70,אשדוד               ,10346,ש טרומיים                ,synonym of 6514,6514
98544,61,אשקלון              ,70,אשדוד               ,10347,שכ אשטרום                ,synonym of 6514,6514
98545,61,אשקלון              ,70,אשדוד               ,10348,ש אשתרום                 ,synonym of 6514,6514
98546,61,אשקלון              ,70,אשדוד               ,10349,אשטרום                   ,synonym of 6514,6514
98547,61,אשקלון              ,70,אשדוד               ,6516,נוה ים                   ,official       ,6516
98548,61,אשקלון              ,70,אשדוד               ,6517,ש חסכון                  ,official       ,6517
98549,61,אשקלון              ,70,אשדוד               ,10350,מפעל חסכון               ,synonym of 6517,6517
98550,61,אשקלון              ,70,אשדוד               ,6518,קרית חרדים               ,official       ,6518
98551,61,אשקלון              ,70,אשדוד               ,6522,ש רסקו                   ,official       ,6522
98552,61,אשקלון              ,70,אשדוד               ,10351,ש רסקו קוטג              ,synonym of 6522,6522
98553,61,אשקלון              ,70,אשדוד               ,6523,שכ ונטורה                ,official       ,6523
98554,61,אשקלון              ,70,אשדוד               ,10352,קרית הרב אברמסקי         ,synonym of 6523,6523
98555,61,אשקלון              ,70,אשדוד               ,10353,קרית אברמסקי             ,synonym of 6523,6523
98556,61,אשקלון              ,70,אשדוד               ,10354,שכ אברמסקי               ,synonym of 6523,6523
98557,61,אשקלון              ,70,אשדוד               ,10355,ונטורה                   ,synonym of 6523,6523
98558,61,אשקלון              ,70,אשדוד               ,6525,ש חב חשמל                ,official       ,6525
98559,61,אשקלון              ,70,אשדוד               ,10356,ש חשמל                   ,synonym of 6525,6525
98560,61,אשקלון              ,70,אשדוד               ,10357,ש חברת חשמל              ,synonym of 6525,6525
98561,61,אשקלון              ,70,אשדוד               ,6527,רובע י                   ,official       ,6527
98562,61,אשקלון              ,70,אשדוד               ,6528,רובע יג                  ,official       ,6528
98563,61,אשקלון              ,70,אשדוד               ,10358,אזור יג                  ,synonym of 6528,6528
98564,61,אשקלון              ,70,אשדוד               ,10359,רובע  יג                 ,synonym of 6528,6528
98565,61,אשקלון              ,70,אשדוד               ,6529,רובע ט                   ,official       ,6529
98566,61,אשקלון              ,70,אשדוד               ,10360,אזור ט                   ,synonym of 6529,6529
98567,61,אשקלון              ,70,אשדוד               ,10361,איזור ט                  ,synonym of 6529,6529
98568,61,אשקלון              ,70,אשדוד               ,6530,רובע ז                   ,official       ,6530
98569,61,אשקלון              ,70,אשדוד               ,6531,רובע א                   ,official       ,6531
98570,61,אשקלון              ,70,אשדוד               ,10362,אזור א                   ,synonym of 6531,6531
98571,61,אשקלון              ,70,אשדוד               ,10363,שכון א                   ,synonym of 6531,6531
98572,61,אשקלון              ,70,אשדוד               ,10364,שכ א                     ,synonym of 6531,6531
98573,61,אשקלון              ,70,אשדוד               ,10365,ש אזור א                 ,synonym of 6531,6531
98574,61,אשקלון              ,70,אשדוד               ,10366,שכ אזור א                ,synonym of 6531,6531
98575,61,אשקלון              ,70,אשדוד               ,6532,רובע ב                   ,official       ,6532
98576,61,אשקלון              ,70,אשדוד               ,10367,אזור ב                   ,synonym of 6532,6532
98577,61,אשקלון              ,70,אשדוד               ,10368,שכון ב                   ,synonym of 6532,6532
98578,61,אשקלון              ,70,אשדוד               ,10369,שכ ב                     ,synonym of 6532,6532
98579,61,אשקלון              ,70,אשדוד               ,10370,ש אזור ב                 ,synonym of 6532,6532
98580,61,אשקלון              ,70,אשדוד               ,10371,שכ אזור ב                ,synonym of 6532,6532
98581,61,אשקלון              ,70,אשדוד               ,6533,רובע ג                   ,official       ,6533
98582,61,אשקלון              ,70,אשדוד               ,10372,אזור ג                   ,synonym of 6533,6533
98583,61,אשקלון              ,70,אשדוד               ,10373,שכון ג                   ,synonym of 6533,6533
98584,61,אשקלון              ,70,אשדוד               ,10374,שכ ג                     ,synonym of 6533,6533
98585,61,אשקלון              ,70,אשדוד               ,10375,ש אזור ג                 ,synonym of 6533,6533
98586,61,אשקלון              ,70,אשדוד               ,10376,שכ אזור ג                ,synonym of 6533,6533
98587,61,אשקלון              ,70,אשדוד               ,6534,מתחם אלתא                ,official       ,6534
98588,61,אשקלון              ,70,אשדוד               ,6535,פארק השיטה המלבינה       ,official       ,6535
98589,61,אשקלון              ,70,אשדוד               ,6536,רובע ו                   ,official       ,6536
98590,61,אשקלון              ,70,אשדוד               ,10377,אזור ו                   ,synonym of 6536,6536
98591,61,אשקלון              ,70,אשדוד               ,10378,שכון ו                   ,synonym of 6536,6536
98592,61,אשקלון              ,70,אשדוד               ,10379,שכ ו                     ,synonym of 6536,6536
98593,61,אשקלון              ,70,אשדוד               ,10380,ש אזור ו                 ,synonym of 6536,6536
98594,61,אשקלון              ,70,אשדוד               ,10381,שכ אזור ו                ,synonym of 6536,6536
98595,61,אשקלון              ,70,אשדוד               ,6537,רובע יז                  ,official       ,6537
98596,61,אשקלון              ,70,אשדוד               ,10382,אזור יז                  ,synonym of 6537,6537
98597,61,אשקלון              ,70,אשדוד               ,6538,טופ סנטר                 ,official       ,6538
98598,61,אשקלון              ,70,אשדוד               ,6539,חוף באר שבע              ,official       ,6539
98599,61,אשקלון              ,70,אשדוד               ,10383,רצועת החוף הדרומי        ,synonym of 6539,6539
98600,61,אשקלון              ,70,אשדוד               ,6540,אזור המרינה              ,official       ,6540
98601,61,אשקלון              ,70,אשדוד               ,10384,מרינה                    ,synonym of 6540,6540
98602,61,אשקלון              ,70,אשדוד               ,10385,המרינה                   ,synonym of 6540,6540
98603,61,אשקלון              ,70,אשדוד               ,6545,הקריה-מגורים             ,official       ,6545
98604,61,אשקלון              ,70,אשדוד               ,10386,מגורים סיטי              ,synonym of 6545,6545
98605,61,אשקלון              ,70,אשדוד               ,10387,סיטי מגורים              ,synonym of 6545,6545
98606,61,אשקלון              ,70,אשדוד               ,10388,הקריה                    ,synonym of 6545,6545
98607,61,אשקלון              ,70,אשדוד               ,10389,אזור מגורים סיטי         ,synonym of 6545,6545
98608,61,אשקלון              ,70,אשדוד               ,6546,רובע י"ב                 ,official       ,6546
98609,61,אשקלון              ,70,אשדוד               ,6547,רובע י"ד                 ,official       ,6547
98610,61,אשקלון              ,70,אשדוד               ,6548,רובע ט"ז                 ,official       ,6548
98611,61,אשקלון              ,70,אשדוד               ,10390,רובע טז                  ,synonym of 6548,6548
98612,61,אשקלון              ,70,אשדוד               ,6549,אזור בקמה                ,official       ,6549
98613,61,אשקלון              ,70,אשדוד               ,6550,רובע ט"ו                 ,official       ,6550
98614,61,אשקלון              ,70,אשדוד               ,10391,רובע טו                  ,synonym of 6550,6550
98615,61,אשקלון              ,70,אשדוד               ,10392,אזור טו                  ,synonym of 6550,6550
98616,61,אשקלון              ,70,אשדוד               ,10393,רובע 15                  ,synonym of 6550,6550
98617,61,אשקלון              ,70,אשדוד               ,6551,הקריה-מע"ר               ,official       ,6551
98618,61,אשקלון              ,70,אשדוד               ,6552,חוף הקשתות               ,official       ,6552
98620,61,אשקלון              ,70,אשדוד               ,6561,תחנת הכח                 ,official       ,6561
98621,61,אשקלון              ,70,אשדוד               ,6562,אזור תעשייה 3            ,official       ,6562
98622,61,אשקלון              ,70,אשדוד               ,10394,אזור תעשייה ג'           ,synonym of 6562,6562
98623,61,אשקלון              ,70,אשדוד               ,10395,אזור תעשייה צפון         ,synonym of 6562,6562
98624,61,אשקלון              ,70,אשדוד               ,6563,אזור תעשייה 1            ,official       ,6563
98625,61,אשקלון              ,70,אשדוד               ,6564,אזור תעשייה 2            ,official       ,6564
98627,61,אשקלון              ,70,אשדוד               ,10396,ש מפונים                 ,synonym of 9000,9000
98628,61,אשקלון              ,70,אשדוד               ,10397,רמת אשכול                ,synonym of 9000,9000
98629,61,אשקלון              ,70,אשדוד               ,10398,פינת חמד                 ,synonym of 9000,9000
98630,61,אשקלון              ,70,אשדוד               ,10399,הברוש                    ,synonym of 9000,9000
98631,61,אשקלון              ,70,אשדוד               ,10400,בית ויצו                 ,synonym of 9000,9000
98632,61,אשקלון              ,70,אשדוד               ,10401,אפשטין                   ,synonym of 9000,9000
98633,61,אשקלון              ,70,אשדוד               ,10402,אפשטיין                  ,synonym of 9000,9000
98634,61,אשקלון              ,70,אשדוד               ,10403,אבשלום                   ,synonym of 9000,9000
98843,61,אשקלון              ,406,חצור-אשדוד          ,9522,קבוץ חצור                ,synonym of 9000,9000
19995,23,עפולה               ,975,זרזיר               ,214,אשדוד                    ,official       ,214
103195,61,אשקלון              ,7100,אשקלון              ,1120,אשדוד                    ,official       ,1120
36016,31,חיפה                ,494,דאלית אל-כרמל       ,292,אשדוד                    ,official       ,292
84629,51,תל אביב             ,5000,תל אביב - יפו       ,2168,אשדוד                    ,official       ,2168
84630,51,תל אביב             ,5000,תל אביב - יפו       ,11840,יפו אשדוד                ,synonym of 2168,2168
97069,61,אשקלון              ,70,אשדוד               ,101,סמ אל הים                ,official       ,101
97070,61,אשקלון              ,70,אשדוד               ,9521,אל הים                   ,synonym of 101 ,101
97071,61,אשקלון              ,70,אשדוד               ,109,חוף לידו                 ,official       ,109
97072,61,אשקלון              ,70,אשדוד               ,9522,גלי ים                   ,synonym of 109 ,109
97073,61,אשקלון              ,70,אשדוד               ,116,האיריס                   ,official       ,116
97074,61,אשקלון              ,70,אשדוד               ,9523,איריס                    ,synonym of 116 ,116
97075,61,אשקלון              ,70,אשדוד               ,117,חיבת ציון                ,official       ,117
97076,61,אשקלון              ,70,אשדוד               ,9524,חבת ציון                 ,synonym of 117 ,117
97077,61,אשקלון              ,70,אשדוד               ,118,הראשונים                 ,official       ,118
97078,61,אשקלון              ,70,אשדוד               ,9525,ראשונים                  ,synonym of 118 ,118
97079,61,אשקלון              ,70,אשדוד               ,119,הורדים                   ,official       ,119
97080,61,אשקלון              ,70,אשדוד               ,9526,משעול א                  ,synonym of 119 ,119
97081,61,אשקלון              ,70,אשדוד               ,9527,הורד                     ,synonym of 119 ,119
97082,61,אשקלון              ,70,אשדוד               ,120,הסביון                   ,official       ,120
97083,61,אשקלון              ,70,אשדוד               ,9528,סביון                    ,synonym of 120 ,120
97084,61,אשקלון              ,70,אשדוד               ,9529,משעול ב                  ,synonym of 120 ,120
97085,61,אשקלון              ,70,אשדוד               ,121,היסמין                   ,official       ,121